lesson_id,class,participants,subject,teacher,room,day,period,shared_key,share_mode,group_index,instance,stream_id,partition_key,variant_id
1.a_Latviešu valoda_T068_gr2_ins1,1.a,1.a,Latviešu valoda,T068,A-304,1,0,,none,2,1,0,,
v1_10.a-UZN+10.b-MAT_Matemātika I_stream2_T082_gr1_ins1,10.a-UZN,10.a-UZN+10.b-MAT,Matemātika I,T082,T-602,1,0,MATH_10,fixed_pair_partition,1,1,2,MATH_10,v1
v3_11.a-HUM+11.b-MAT_Vācu valoda akadēmiskiem nolūkiem_stream2_T010_gr1_ins1,11.a-HUM,11.a-HUM+11.b-MAT,Vācu valoda akadēmiskiem nolūkiem,T010,T-707,1,0,GERMANAK_11,fixed_pair_partition,1,1,2,GERMANAK_11,v3
v3_11.a-UZN+11.b-DAB_Latviešu valoda un literatūra I_stream1_T059_gr1_ins4,11.a-UZN,11.a-UZN+11.b-DAB,Latviešu valoda un literatūra I,T059,T-603,1,0,LAT_11,fixed_pair_partition,1,4,1,LAT_11,v3
v1_12.a-UZN+12.b-MAT_Svešvaloda (angļu) I B2_stream2_T062_gr1_ins1,12.a-UZN,12.a-UZN+12.b-MAT,Svešvaloda (angļu) I B2,T062,T-605,1,0,ENG_12,fixed_pair_partition,1,1,2,ENG_12,v1
2.a_Angļu valoda_T081_gr2_ins1,2.a,2.a,Angļu valoda,T081,A-303-b,1,0,,none,2,1,0,,
2.b_Mūzika_T026_gr1_ins2,2.b,2.b,Mūzika,T026,A-404,1,0,,none,1,2,0,,
3.a_Dabaszinības_T072_gr1_ins1,3.a,3.a,Dabaszinības,T072,A-105,1,0,,none,1,1,0,,
3.c_Latviešu valoda_T029_gr2_ins1,3.c,3.c,Latviešu valoda,T029,A-303-a,1,0,,none,2,1,0,,
4.b_Latviešu valoda_T032_gr1_ins1,4.b,4.b,Latviešu valoda,T032,A-104,1,0,,none,1,1,0,,
4.b_Latviešu valoda_T083_gr2_ins2,4.b,4.b,Latviešu valoda,T083,A-209,1,0,,none,2,2,0,,
4.c_Sports un veselība (teorija)_T069_gr1_ins1,4.c,4.c,Sports un veselība (teorija),T069,A-405,1,0,,none,1,1,0,,
5.a_Dizains un tehnoloģijas_T016_gr1_ins1,5.a,5.a,Dizains un tehnoloģijas,T016,A-205,1,0,,none,1,1,0,,
5.c_Vizuālā māksla_T092_gr1_ins1,5.c,5.c,Vizuālā māksla,T092,A-309,1,0,,none,1,1,0,,
6.a_Datorika_T056_gr2_ins1,6.a,6.a,Datorika,T056,T-301,1,0,,none,2,1,0,,
6.b_Matemātika_T003_gr1_ins2,6.b,6.b,Matemātika,T003,T-506,1,0,,none,1,2,0,,
6.c_Dabaszinības_T038_gr1_ins2,6.c,6.c,Dabaszinības,T038,T-302,1,0,,none,1,2,0,,
7.b_Bioloģija_T023_gr1_ins1,7.b,7.b,Bioloģija,T023,T-705,1,0,,none,1,1,0,,
7.c_Teātra māksla_T052_gr1_ins1,7.c,7.c,Teātra māksla,T052,T-601,1,0,,none,1,1,0,,
8.a_Sports un veselība (teorija)_T070_gr1_ins1,8.a,8.a,Sports un veselība (teorija),T070,T-108,1,0,,none,1,1,0,,
8.b_Vēsture_T084_gr1_ins2,8.b,8.b,Vēsture,T084,T-606,1,0,,none,1,2,0,,
8.c_Ķīmija_T036_gr1_ins1,8.c,8.c,Ķīmija,T036,T-309,1,0,,none,1,1,0,,
9.a_Latviešu valoda_T001_gr1_ins2,9.a,9.a,Latviešu valoda,T001,T-402,1,0,,none,1,2,0,,
9.a_Latviešu valoda_T048_gr2_ins3,9.a,9.a,Latviešu valoda,T048,T-405,1,0,,none,2,3,0,,
9.b_Fizika_T077_gr1_ins2,9.b,9.b,Fizika,T077,T-208,1,0,,none,1,2,0,,
9.c_Ģeogrāfija_T087_gr1_ins1,9.c,9.c,Ģeogrāfija,T087,T-408,1,0,,none,1,1,0,,
1.a_Angļu valoda_T064_gr2_ins1,1.a,1.a,Angļu valoda,T064,A-303,1,1,,none,2,1,0,,
v1_10.a-HUM+10.b-DAB_Ķīmija I_stream1_T046_gr1_ins2,10.a-HUM,10.a-HUM+10.b-DAB,Ķīmija I,T046,T-309,1,1,CHEM_10,fixed_pair_partition,1,2,1,CHEM_10,v1
v1_10.a-UZN+10.b-MAT_Matemātika I_stream2_T082_gr1_ins2,10.a-UZN,10.a-UZN+10.b-MAT,Matemātika I,T082,T-707,1,1,MATH_10,fixed_pair_partition,1,2,2,MATH_10,v1
"11.a-HUM+11.a-UZN+11.b-DAB+11.b-MAT_Svešvaloda (otrā, vācu) I B1_T010_gr1_ins3",11.a-HUM,11.a-HUM+11.a-UZN+11.b-DAB+11.b-MAT,"Svešvaloda (otrā, vācu) I B1",T010,T-506,1,1,GERMAN_11_ALL,forced_parallel_groups,1,3,0,,
"11.a-HUM+11.a-UZN+11.b-DAB+11.b-MAT_Svešvaloda (otrā, vācu) I B1_T025_gr2_ins3",11.a-HUM,11.a-HUM+11.a-UZN+11.b-DAB+11.b-MAT,"Svešvaloda (otrā, vācu) I B1",T025,T-406,1,1,GERMAN_11_ALL,forced_parallel_groups,2,3,0,,
"11.a-HUM+11.a-UZN+11.b-DAB+11.b-MAT_Svešvaloda (otrā, vācu) I B1_T033_gr3_ins3",11.a-HUM,11.a-HUM+11.a-UZN+11.b-DAB+11.b-MAT,"Svešvaloda (otrā, vācu) I B1",T033,T-409,1,1,GERMAN_11_ALL,forced_parallel_groups,3,3,0,,
v1_12.a-HUM+12.a-UZN_Svešvaloda (angļu) II C1_stream1_T062_gr1_ins3,12.a-HUM,12.a-HUM+12.a-UZN,Svešvaloda (angļu) II C1,T062,T-307,1,1,ENG2_12,fixed_pair_partition,1,3,1,ENG2_12,v1
v1_12.b-DAB+12.b-MAT_Fizika II_stream1_T006_gr1_ins5,12.b-DAB,12.b-DAB+12.b-MAT,Fizika II,T006,T-408,1,1,PHYS_12,fixed_pair_partition,1,5,1,PHYS_12,v1
2.c_Latviešu valoda_T049_gr1_ins2,2.c,2.c,Latviešu valoda,T049,A-207,1,1,,none,1,2,0,,
3.c_Latviešu valoda_T004_gr1_ins5,3.c,3.c,Latviešu valoda,T004,A-403,1,1,,none,1,5,0,,
3.c_Latviešu valoda_T029_gr2_ins6,3.c,3.c,Latviešu valoda,T029,A-405,1,1,,none,2,6,0,,
4.a_Matemātika_T020_gr1_ins2,4.a,4.a,Matemātika,T020,A-404,1,1,,none,1,2,0,,
4.b_Sociālās zinības un vēsture_T084_gr1_ins1,4.b,4.b,Sociālās zinības un vēsture,T084,A-204,1,1,,none,1,1,0,,
4.c_Mūzika_T026_gr1_ins1,4.c,4.c,Mūzika,T026,A-106,1,1,,none,1,1,0,,
5.b_Dabaszinības_T038_gr1_ins1,5.b,5.b,Dabaszinības,T038,A-309,1,1,,none,1,1,0,,
5.c_Literatūra_T035_gr1_ins2,5.c,5.c,Literatūra,T035,A-402,1,1,,none,1,2,0,,
6.a_Sociālās zinības un vēsture_T085_gr1_ins2,6.a,6.a,Sociālās zinības un vēsture,T085,T-601,1,1,,none,1,2,0,,
6.b_Vācu valoda_T024_gr1_ins2,6.b,6.b,Vācu valoda,T024,T-602,1,1,,none,1,2,0,,
6.c_Mūzika_T050_gr1_ins2,6.c,6.c,Mūzika,T050,T-402,1,1,,none,1,2,0,,
7.a_Matemātika_T055_gr1_ins1,7.a,7.a,Matemātika,T055,T-208,1,1,,none,1,1,0,,
7.b_Datorika_T016_gr1_ins1,7.b,7.b,Datorika,T016,T-304,1,1,,none,1,1,0,,
7.b_Datorika_T056_gr2_ins1,7.b,7.b,Datorika,T056,T-301,1,1,,none,2,1,0,,
7.c_Matemātika_T088_gr1_ins4,7.c,7.c,Matemātika,T088,T-108,1,1,,none,1,4,0,,
8.a_Ģeogrāfija_T087_gr1_ins1,8.a,8.a,Ģeogrāfija,T087,T-305,1,1,,none,1,1,0,,
8.c_Fizika_T077_gr1_ins2,8.c,8.c,Fizika,T077,T-302,1,1,,none,1,2,0,,
9.b_Matemātika_T012_gr1_ins2,9.b,9.b,Matemātika,T012,T-306,1,1,,none,1,2,0,,
9.c_Matemātika_T003_gr1_ins4,9.c,9.c,Matemātika,T003,T-207,1,1,,none,1,4,0,,
1.b_Matemātika_T051_gr1_ins1,1.b,1.b,Matemātika,T051,A-206,1,2,,none,1,1,0,,
v2_10.a-HUM+10.a-UZN_Fizika I_stream2_T077_gr1_ins2,10.a-HUM,10.a-HUM+10.a-UZN,Fizika I,T077,T-407,1,2,PHYS_10,fixed_pair_partition,1,2,2,PHYS_10,v2
"11.a-HUM+11.a-UZN+11.b-DAB+11.b-MAT_Svešvaloda (otrā, vācu) I B1_T010_gr1_ins2",11.a-HUM,11.a-HUM+11.a-UZN+11.b-DAB+11.b-MAT,"Svešvaloda (otrā, vācu) I B1",T010,T-409,1,2,GERMAN_11_ALL,forced_parallel_groups,1,2,0,,
"11.a-HUM+11.a-UZN+11.b-DAB+11.b-MAT_Svešvaloda (otrā, vācu) I B1_T025_gr2_ins2",11.a-HUM,11.a-HUM+11.a-UZN+11.b-DAB+11.b-MAT,"Svešvaloda (otrā, vācu) I B1",T025,T-406,1,2,GERMAN_11_ALL,forced_parallel_groups,2,2,0,,
"11.a-HUM+11.a-UZN+11.b-DAB+11.b-MAT_Svešvaloda (otrā, vācu) I B1_T033_gr3_ins2",11.a-HUM,11.a-HUM+11.a-UZN+11.b-DAB+11.b-MAT,"Svešvaloda (otrā, vācu) I B1",T033,T-408,1,2,GERMAN_11_ALL,forced_parallel_groups,3,2,0,,
v1_12.a-UZN+12.b-MAT_Latviešu valoda un literatūra I_stream2_T059_gr1_ins2,12.a-UZN,12.a-UZN+12.b-MAT,Latviešu valoda un literatūra I,T059,T-307,1,2,LAT_12,fixed_pair_partition,1,2,2,LAT_12,v1
12.b-DAB_Ķīmija II_T046_gr1_ins4,12.b-DAB,12.b-DAB,Ķīmija II,T046,T-309,1,2,,none,1,4,0,,
2.a_Sports un veselība (praktiskā)_T044_gr1_ins1,2.a,2.a,Sports un veselība (praktiskā),T044,A-aktu-zale,1,2,,none,1,1,0,,
2.c_Angļu valoda_T060_gr1_ins1,2.c,2.c,Angļu valoda,T060,A-309,1,2,,none,1,1,0,,
2.c_Angļu valoda_T081_gr2_ins1,2.c,2.c,Angļu valoda,T081,A-402,1,2,,none,2,1,0,,
3.a_Matemātika_T072_gr1_ins1,3.a,3.a,Matemātika,T072,A-304,1,2,,none,1,1,0,,
3.b_Dizains un tehnoloģijas_T029_gr1_ins1,3.b,3.b,Dizains un tehnoloģijas,T029,A-308,1,2,,none,1,1,0,,
4.a_Angļu valoda_T080_gr2_ins1,4.a,4.a,Angļu valoda,T080,A-303-b,1,2,,none,2,1,0,,
4.b_Latviešu valoda_T083_gr2_ins4,4.b,4.b,Latviešu valoda,T083,A-303-a,1,2,,none,2,4,0,,
4.c_Literatūra_T049_gr2_ins1,4.c,4.c,Literatūra,T049,A-205,1,2,,none,2,1,0,,
5.b_Dabaszinības_T038_gr1_ins2,5.b,5.b,Dabaszinības,T038,A-104,1,2,,none,1,2,0,,
6.c_Matemātika_T003_gr1_ins2,6.c,6.c,Matemātika,T003,T-207,1,2,,none,1,2,0,,
7.b_Dizains un tehnoloģijas_T016_gr1_ins1,7.b,7.b,Dizains un tehnoloģijas,T016,T-506,1,2,,none,1,1,0,,
7.c_Latviešu valoda_T037_gr2_ins2,7.c,7.c,Latviešu valoda,T037,T-707,1,2,,none,2,2,0,,
8.a_Matemātika_T088_gr1_ins5,8.a,8.a,Matemātika,T088,T-208,1,2,,none,1,5,0,,
8.b_Latviešu valoda_T048_gr2_ins2,8.b,8.b,Latviešu valoda,T048,T-501,1,2,,none,2,2,0,,
8.c_Sports un veselība (praktiskā)_T040_gr1_ins1,8.c,8.c,Sports un veselība (praktiskā),T040,T-sporta-zale,1,2,SPORT_8,optional_single_or_pair,1,1,0,,
9.a_Ģeogrāfija_T087_gr1_ins2,9.a,9.a,Ģeogrāfija,T087,T-108,1,2,,none,1,2,0,,
9.b_Literatūra_T001_gr1_ins1,9.b,9.b,Literatūra,T001,T-410,1,2,,none,1,1,0,,
9.c_Angļu valoda_T007_gr1_ins1,9.c,9.c,Angļu valoda,T007,T-505,1,2,,none,1,1,0,,
9.c_Angļu valoda_T079_gr2_ins2,9.c,9.c,Angļu valoda,T079,T-605,1,2,,none,2,2,0,,
1.a_Latviešu valoda_T068_gr1_ins4,1.a,1.a,Latviešu valoda,T068,A-208,1,3,,none,1,4,0,,
1.b_Latviešu valoda_T004_gr1_ins3,1.b,1.b,Latviešu valoda,T004,A-405,1,3,,none,1,3,0,,
1.b_Latviešu valoda_T096_gr2_ins5,1.b,1.b,Latviešu valoda,T096,A-403-b,1,3,,none,2,5,0,,
v3_10.a-HUM+10.b-MAT_Vācu valoda akadēmiskiem nolūkiem_stream2_T010_gr1_ins2,10.a-HUM,10.a-HUM+10.b-MAT,Vācu valoda akadēmiskiem nolūkiem,T010,T-605,1,3,GERMANAK_10,fixed_pair_partition,1,2,2,GERMANAK_10,v3
v3_10.a-UZN+10.b-DAB_Latviešu valoda un literatūra I_stream1_T059_gr1_ins1,10.a-UZN,10.a-UZN+10.b-DAB,Latviešu valoda un literatūra I,T059,T-302,1,3,LAT_10,fixed_pair_partition,1,1,1,LAT_10,v3
v1_11.a-HUM+11.b-DAB_Matemātika I_stream1_T082_gr1_ins1,11.a-HUM,11.a-HUM+11.b-DAB,Matemātika I,T082,T-406,1,3,MATH_11,fixed_pair_partition,1,1,1,MATH_11,v1
v1_11.a-UZN+11.b-MAT_Svešvaloda (angļu) I B2_stream2_T062_gr1_ins1,11.a-UZN,11.a-UZN+11.b-MAT,Svešvaloda (angļu) I B2,T062,T-207,1,3,ENG_11,fixed_pair_partition,1,1,2,ENG_11,v1
12.b-DAB_Ķīmija II_T046_gr1_ins3,12.b-DAB,12.b-DAB,Ķīmija II,T046,T-309,1,3,,none,1,3,0,,
12.b-MAT_Programmēšana II_T078_gr1_ins3,12.b-MAT,12.b-MAT,Programmēšana II,T078,T-304,1,3,,none,1,3,0,,
2.b_Matemātika_T051_gr1_ins2,2.b,2.b,Matemātika,T051,A-304,1,3,,none,1,2,0,,
5.a_Angļu valoda_T018_gr1_ins2,5.a,5.a,Angļu valoda,T018,A-110,1,3,,none,1,2,0,,
5.a_Angļu valoda_T080_gr2_ins1,5.a,5.a,Angļu valoda,T080,A-106,1,3,,none,2,1,0,,
5.b_Matemātika_T020_gr1_ins4,5.b,5.b,Matemātika,T020,A-402,1,3,,none,1,4,0,,
5.c_Datorika_T016_gr2_ins1,5.c,5.c,Datorika,T016,A-305,1,3,,none,2,1,0,,
6.a_Vācu valoda_T024_gr1_ins2,6.a,6.a,Vācu valoda,T024,T-401,1,3,,none,1,2,0,,
6.b_Sports un veselība (praktiskā)_T071_gr1_ins1,6.b,6.b,Sports un veselība (praktiskā),T071,T-sporta-zale,1,3,SPORT_6,optional_single_or_pair,1,1,0,,
6.c_Latviešu valoda_T037_gr1_ins2,6.c,6.c,Latviešu valoda,T037,T-307,1,3,,none,1,2,0,,
7.c_Literatūra_T001_gr1_ins1,7.c,7.c,Literatūra,T001,T-504,1,3,,none,1,1,0,,
8.a_Angļu valoda_T007_gr1_ins3,8.a,8.a,Angļu valoda,T007,T-409,1,3,,none,1,3,0,,
8.a_Angļu valoda_T053_gr2_ins2,8.a,8.a,Angļu valoda,T053,T-601,1,3,,none,2,2,0,,
8.b_Latviešu valoda_T048_gr2_ins3,8.b,8.b,Latviešu valoda,T048,T-403,1,3,,none,2,3,0,,
8.c_Sociālās zinības_T084_gr1_ins1,8.c,8.c,Sociālās zinības,T084,T-108,1,3,,none,1,1,0,,
9.a_Matemātika_T003_gr1_ins1,9.a,9.a,Matemātika,T003,T-306,1,3,,none,1,1,0,,
9.b_Bioloģija_T023_gr1_ins2,9.b,9.b,Bioloģija,T023,T-305,1,3,,none,1,2,0,,
9.c_Sports un veselība (teorija)_T040_gr1_ins1,9.c,9.c,Sports un veselība (teorija),T040,T-410,1,3,,none,1,1,0,,
1.a_Latviešu valoda_T068_gr2_ins5,1.a,1.a,Latviešu valoda,T068,A-105,1,4,,none,2,5,0,,
1.b_Latviešu valoda_T004_gr1_ins5,1.b,1.b,Latviešu valoda,T004,A-110,1,4,,none,1,5,0,,
v1_10.a-HUM+10.b-DAB_Svešvaloda (angļu) I B2_stream1_T053_gr1_ins4,10.a-HUM,10.a-HUM+10.b-DAB,Svešvaloda (angļu) I B2,T053,T-406,1,4,ENG_10,fixed_pair_partition,1,4,1,ENG_10,v1
v1_10.a-UZN+10.b-MAT_Matemātika I_stream2_T082_gr1_ins3,10.a-UZN,10.a-UZN+10.b-MAT,Matemātika I,T082,T-410,1,4,MATH_10,fixed_pair_partition,1,3,2,MATH_10,v1
"v1_12.a-HUM+12.a-UZN_Svešvaloda (otrā, vācu) II B2_stream1_T010_gr1_ins3",12.a-HUM,12.a-HUM+12.a-UZN,"Svešvaloda (otrā, vācu) II B2",T010,T-409,1,4,GERMAN2_12,fixed_pair_partition,1,3,1,GERMAN2_12,v1
12.b-DAB_Bioloģija II_T005_gr1_ins1,12.b-DAB,12.b-DAB,Bioloģija II,T005,T-108,1,4,,none,1,1,0,,
2.a_Latviešu valoda_T049_gr1_ins6,2.a,2.a,Latviešu valoda,T049,A-302,1,4,,none,1,6,0,,
3.a_Angļu valoda_T018_gr1_ins2,3.a,3.a,Angļu valoda,T018,A-402,1,4,,none,1,2,0,,
3.b_Vizuālā māksla_T066_gr1_ins1,3.b,3.b,Vizuālā māksla,T066,A-405,1,4,,none,1,1,0,,
4.b_Dizains un tehnoloģijas_T092_gr1_ins1,4.b,4.b,Dizains un tehnoloģijas,T092,A-203,1,4,,none,1,1,0,,
5.a_Datorika_T016_gr2_ins1,5.a,5.a,Datorika,T016,A-305,1,4,,none,2,1,0,,
5.b_Sports un veselība (teorija)_T040_gr1_ins1,5.b,5.b,Sports un veselība (teorija),T040,A-106,1,4,,none,1,1,0,,
6.a_Sociālās zinības un vēsture_T085_gr1_ins1,6.a,6.a,Sociālās zinības un vēsture,T085,T-208,1,4,,none,1,1,0,,
6.c_Literatūra_T037_gr1_ins1,6.c,6.c,Literatūra,T037,T-305,1,4,,none,1,1,0,,
7.a_Vēsture_T084_gr1_ins1,7.a,7.a,Vēsture,T084,T-603,1,4,,none,1,1,0,,
7.b_Angļu valoda_T095_gr2_ins2,7.b,7.b,Angļu valoda,T095,T-504,1,4,,none,2,2,0,,
8.b_Sports un veselība (praktiskā)_T070_gr1_ins1,8.b,8.b,Sports un veselība (praktiskā),T070,T-sporta-zale,1,4,SPORT_8,optional_single_or_pair,1,1,0,,
8.c_Latviešu valoda_T048_gr1_ins1,8.c,8.c,Latviešu valoda,T048,T-501,1,4,,none,1,1,0,,
9.a_Angļu valoda_T007_gr1_ins3,9.a,9.a,Angļu valoda,T007,T-307,1,4,,none,1,3,0,,
9.b_Matemātika_T012_gr1_ins3,9.b,9.b,Matemātika,T012,T-605,1,4,,none,1,3,0,,
v1_10.a-UZN+10.b-MAT_Matemātika I_stream2_T082_gr1_ins5,10.a-UZN,10.a-UZN+10.b-MAT,Matemātika I,T082,T-501,1,5,MATH_10,fixed_pair_partition,1,5,2,MATH_10,v1
v1_11.a-UZN_Kultūras pamati_stream2_T066_gr1_ins3,11.a-UZN,11.a-UZN,Kultūras pamati,T066,T-302,1,5,CULT_11,fixed_pair_partition,1,3,2,CULT_11,v1
v2_11.b-DAB+11.b-MAT_Ģeogrāfija I_stream1_T087_gr1_ins3,11.b-DAB,11.b-DAB+11.b-MAT,Ģeogrāfija I,T087,T-602,1,5,GEO_11,fixed_pair_partition,1,3,1,GEO_11,v2
"v1_12.a-HUM+12.a-UZN_Svešvaloda (otrā, vācu) II B2_stream1_T010_gr1_ins2",12.a-HUM,12.a-HUM+12.a-UZN,"Svešvaloda (otrā, vācu) II B2",T010,T-504,1,5,GERMAN2_12,fixed_pair_partition,1,2,1,GERMAN2_12,v1
12.b-MAT_Programmēšana II_T078_gr1_ins4,12.b-MAT,12.b-MAT,Programmēšana II,T078,T-304,1,5,,none,1,4,0,,
2.b_Mūzika_T026_gr1_ins1,2.b,2.b,Mūzika,T026,A-405,1,5,,none,1,1,0,,
3.c_Matemātika_T072_gr1_ins4,3.c,3.c,Matemātika,T072,A-204,1,5,,none,1,4,0,,
4.a_Vizuālā māksla_T043_gr1_ins1,4.a,4.a,Vizuālā māksla,T043,A-404,1,5,,none,1,1,0,,
4.b_Angļu valoda_T080_gr2_ins3,4.b,4.b,Angļu valoda,T080,A-104,1,5,,none,2,3,0,,
4.c_Matemātika_T020_gr1_ins5,4.c,4.c,Matemātika,T020,A-105,1,5,,none,1,5,0,,
5.a_Sports un veselība (teorija)_T040_gr1_ins1,5.a,5.a,Sports un veselība (teorija),T040,A-205,1,5,,none,1,1,0,,
5.c_Latviešu valoda_T035_gr1_ins2,5.c,5.c,Latviešu valoda,T035,A-307,1,5,,none,1,2,0,,
5.c_Latviešu valoda_T083_gr2_ins2,5.c,5.c,Latviešu valoda,T083,A-403-a,1,5,,none,2,2,0,,
6.b_Sociālās zinības un vēsture_T085_gr1_ins2,6.b,6.b,Sociālās zinības un vēsture,T085,T-108,1,5,,none,1,2,0,,
6.c_Datorika_T016_gr1_ins1,6.c,6.c,Datorika,T016,T-301,1,5,,none,1,1,0,,
7.a_Angļu valoda_T053_gr1_ins3,7.a,7.a,Angļu valoda,T053,T-306,1,5,,none,1,3,0,,
7.a_Angļu valoda_T095_gr2_ins1,7.a,7.a,Angļu valoda,T095,T-305,1,5,,none,2,1,0,,
7.b_Matemātika_T055_gr1_ins4,7.b,7.b,Matemātika,T055,T-506,1,5,,none,1,4,0,,
7.c_Latviešu valoda_T037_gr2_ins1,7.c,7.c,Latviešu valoda,T037,T-207,1,5,,none,2,1,0,,
8.a_Vēsture_T084_gr1_ins2,8.a,8.a,Vēsture,T084,T-705,1,5,,none,1,2,0,,
8.b_Sports un veselība (teorija)_T070_gr1_ins1,8.b,8.b,Sports un veselība (teorija),T070,T-605,1,5,,none,1,1,0,,
8.c_Literatūra_T048_gr1_ins1,8.c,8.c,Literatūra,T048,T-409,1,5,,none,1,1,0,,
v1_10.a-HUM+10.b-DAB_Ķīmija I_stream1_T046_gr1_ins3,10.a-HUM,10.a-HUM+10.b-DAB,Ķīmija I,T046,T-309,1,6,CHEM_10,fixed_pair_partition,1,3,1,CHEM_10,v1
v1_10.a-UZN+10.b-MAT_Svešvaloda (angļu) I B2_stream2_T053_gr1_ins2,10.a-UZN,10.a-UZN+10.b-MAT,Svešvaloda (angļu) I B2,T053,T-705,1,6,ENG_10,fixed_pair_partition,1,2,2,ENG_10,v1
v3_11.a-HUM+11.b-MAT_Latviešu valoda un literatūra I_stream2_T059_gr1_ins2,11.a-HUM,11.a-HUM+11.b-MAT,Latviešu valoda un literatūra I,T059,T-406,1,6,LAT_11,fixed_pair_partition,1,2,2,LAT_11,v3
v3_11.a-UZN+11.b-DAB_Fizika I_stream1_T077_gr1_ins3,11.a-UZN,11.a-UZN+11.b-DAB,Fizika I,T077,T-603,1,6,PHYS_11,fixed_pair_partition,1,3,1,PHYS_11,v3
v1_12.a-UZN+12.b-MAT_Svešvaloda (angļu) I B2_stream2_T062_gr1_ins3,12.a-UZN,12.a-UZN+12.b-MAT,Svešvaloda (angļu) I B2,T062,T-402,1,6,ENG_12,fixed_pair_partition,1,3,2,ENG_12,v1
2.a_Latviešu valoda_T049_gr1_ins2,2.a,2.a,Latviešu valoda,T049,A-403-a,1,6,,none,1,2,0,,
2.a_Latviešu valoda_T096_gr2_ins3,2.a,2.a,Latviešu valoda,T096,A-204,1,6,,none,2,3,0,,
2.b_Sports un veselība (praktiskā)_T044_gr1_ins2,2.b,2.b,Sports un veselība (praktiskā),T044,A-aktu-zale,1,6,,none,1,2,0,,
2.c_Matemātika_T051_gr1_ins2,2.c,2.c,Matemātika,T051,A-209,1,6,,none,1,2,0,,
3.a_Dizains un tehnoloģijas_T029_gr1_ins1,3.a,3.a,Dizains un tehnoloģijas,T029,A-207,1,6,,none,1,1,0,,
3.b_Latviešu valoda_T004_gr1_ins4,3.b,3.b,Latviešu valoda,T004,A-403,1,6,,none,1,4,0,,
3.c_Mūzika_T026_gr1_ins1,3.c,3.c,Mūzika,T026,A-309,1,6,,none,1,1,0,,
4.a_Angļu valoda_T060_gr1_ins1,4.a,4.a,Angļu valoda,T060,A-106,1,6,,none,1,1,0,,
4.a_Angļu valoda_T080_gr2_ins2,4.a,4.a,Angļu valoda,T080,A-308,1,6,,none,2,2,0,,
4.c_Sociālās zinības un vēsture_T084_gr1_ins2,4.c,4.c,Sociālās zinības un vēsture,T084,A-104,1,6,,none,1,2,0,,
5.b_Latviešu valoda_T035_gr2_ins1,5.b,5.b,Latviešu valoda,T035,A-405,1,6,,none,2,1,0,,
5.c_Latviešu valoda_T083_gr2_ins5,5.c,5.c,Latviešu valoda,T083,A-110,1,6,,none,2,5,0,,
6.a_Matemātika_T003_gr1_ins2,6.a,6.a,Matemātika,T003,T-506,1,6,,none,1,2,0,,
7.a_Vācu valoda_T028_gr2_ins3,7.a,7.a,Vācu valoda,T028,T-408,1,6,,none,2,3,0,,
7.c_Vācu valoda_T024_gr1_ins1,7.c,7.c,Vācu valoda,T024,T-303,1,6,,none,1,1,0,,
8.b_Matemātika_T088_gr1_ins2,8.b,8.b,Matemātika,T088,T-409,1,6,,none,1,2,0,,
8.c_Sports un veselība (praktiskā)_T040_gr1_ins2,8.c,8.c,Sports un veselība (praktiskā),T040,T-sporta-zale,1,6,SPORT_8,optional_single_or_pair,1,2,0,,
9.a_Angļu valoda_T007_gr1_ins1,9.a,9.a,Angļu valoda,T007,T-403,1,6,,none,1,1,0,,
9.a_Angļu valoda_T079_gr2_ins1,9.a,9.a,Angļu valoda,T079,T-606,1,6,,none,2,1,0,,
9.b_Bioloģija_T023_gr1_ins1,9.b,9.b,Bioloģija,T023,T-605,1,6,,none,1,1,0,,
9.c_Inženierzinības_T019_gr1_ins1,9.c,9.c,Inženierzinības,T019,T-707,1,6,,none,1,1,0,,
1.a_Latviešu valoda_T068_gr1_ins5,1.a,1.a,Latviešu valoda,T068,A-405,1,7,,none,1,5,0,,
1.b_Matemātika_T051_gr1_ins3,1.b,1.b,Matemātika,T051,A-206,1,7,,none,1,3,0,,
v2_10.b-DAB+10.b-MAT_Fizika I_stream1_T077_gr1_ins2,10.b-DAB,10.b-DAB+10.b-MAT,Fizika I,T077,T-705,1,7,PHYS_10,fixed_pair_partition,1,2,1,PHYS_10,v2
v2_11.a-HUM+11.a-UZN_Ģeogrāfija I_stream2_T087_gr1_ins1,11.a-HUM,11.a-HUM+11.a-UZN,Ģeogrāfija I,T087,T-505,1,7,GEO_11,fixed_pair_partition,1,1,2,GEO_11,v2
v1_12.a-UZN+12.b-MAT_Ekonomika_stream1_T047_gr1_ins2,12.a-UZN,12.a-UZN+12.b-MAT,Ekonomika,T047,T-410,1,7,ECON_12,fixed_pair_partition,1,2,1,ECON_12,v1
12.b-DAB_Bioloģija II_T005_gr1_ins2,12.b-DAB,12.b-DAB,Bioloģija II,T005,T-207,1,7,,none,1,2,0,,
2.c_Latviešu valoda_T096_gr2_ins5,2.c,2.c,Latviešu valoda,T096,A-303-a,1,7,,none,2,5,0,,
3.a_Mūzika_T026_gr1_ins1,3.a,3.a,Mūzika,T026,A-308,1,7,,none,1,1,0,,
3.b_Angļu valoda_T018_gr1_ins1,3.b,3.b,Angļu valoda,T018,A-403,1,7,,none,1,1,0,,
3.b_Angļu valoda_T064_gr2_ins1,3.b,3.b,Angļu valoda,T064,A-403-a,1,7,,none,2,1,0,,
3.c_Latviešu valoda_T004_gr1_ins2,3.c,3.c,Latviešu valoda,T004,A-106,1,7,,none,1,2,0,,
3.c_Latviešu valoda_T029_gr2_ins2,3.c,3.c,Latviešu valoda,T029,A-207,1,7,,none,2,2,0,,
4.a_Sports un veselība (praktiskā)_T069_gr1_ins2,4.a,4.a,Sports un veselība (praktiskā),T069,A-sporta-zale,1,7,,none,1,2,0,,
5.a_Sports un veselība (praktiskā)_T040_gr1_ins1,5.a,5.a,Sports un veselība (praktiskā),T040,A-aktu-zale,1,7,,none,1,1,0,,
5.b_Literatūra_T032_gr1_ins1,5.b,5.b,Literatūra,T032,A-110,1,7,,none,1,1,0,,
5.c_Datorika_T016_gr1_ins1,5.c,5.c,Datorika,T016,A-305,1,7,,none,1,1,0,,
6.a_Latviešu valoda_T037_gr1_ins3,6.a,6.a,Latviešu valoda,T037,T-401,1,7,,none,1,3,0,,
6.a_Latviešu valoda_T041_gr2_ins2,6.a,6.a,Latviešu valoda,T041,T-408,1,7,,none,2,2,0,,
6.b_Sociālās zinības un vēsture_T085_gr1_ins1,6.b,6.b,Sociālās zinības un vēsture,T085,T-307,1,7,,none,1,1,0,,
6.c_Vācu valoda_T024_gr1_ins3,6.c,6.c,Vācu valoda,T024,T-407,1,7,,none,1,3,0,,
6.c_Vācu valoda_T025_gr2_ins1,6.c,6.c,Vācu valoda,T025,T-504,1,7,,none,2,1,0,,
7.b_Matemātika_T055_gr1_ins3,7.b,7.b,Matemātika,T055,T-305,1,7,,none,1,3,0,,
7.c_Sociālās zinības_T084_gr1_ins1,7.c,7.c,Sociālās zinības,T084,T-506,1,7,,none,1,1,0,,
8.a_Latviešu valoda_T048_gr2_ins2,8.a,8.a,Latviešu valoda,T048,T-603,1,7,,none,2,2,0,,
9.a_Matemātika_T003_gr1_ins4,9.a,9.a,Matemātika,T003,T-306,1,7,,none,1,4,0,,
9.c_Angļu valoda_T007_gr1_ins2,9.c,9.c,Angļu valoda,T007,T-406,1,7,,none,1,2,0,,
9.c_Angļu valoda_T079_gr2_ins3,9.c,9.c,Angļu valoda,T079,T-707,1,7,,none,2,3,0,,
1.b_Latviešu valoda_T004_gr1_ins4,1.b,1.b,Latviešu valoda,T004,A-208,1,8,,none,1,4,0,,
1.b_Latviešu valoda_T096_gr2_ins6,1.b,1.b,Latviešu valoda,T096,A-206,1,8,,none,2,6,0,,
v3_10.a-UZN+10.b-DAB_Vācu valoda akadēmiskiem nolūkiem_stream1_T010_gr1_ins1,10.a-UZN,10.a-UZN+10.b-DAB,Vācu valoda akadēmiskiem nolūkiem,T010,T-506,1,8,GERMANAK_10,fixed_pair_partition,1,1,1,GERMANAK_10,v3
v2_11.b-DAB+11.b-MAT_Ģeogrāfija I_stream1_T087_gr1_ins1,11.b-DAB,11.b-DAB+11.b-MAT,Ģeogrāfija I,T087,T-504,1,8,GEO_11,fixed_pair_partition,1,1,1,GEO_11,v2
v1_12.a-HUM+12.b-DAB_Latviešu valoda un literatūra I_stream1_T059_gr1_ins4,12.a-HUM,12.a-HUM+12.b-DAB,Latviešu valoda un literatūra I,T059,T-402,1,8,LAT_12,fixed_pair_partition,1,4,1,LAT_12,v1
v1_12.a-UZN+12.b-MAT_Svešvaloda (angļu) I B2_stream2_T062_gr1_ins2,12.a-UZN,12.a-UZN+12.b-MAT,Svešvaloda (angļu) I B2,T062,T-606,1,8,ENG_12,fixed_pair_partition,1,2,2,ENG_12,v1
2.a_Matemātika_T051_gr1_ins4,2.a,2.a,Matemātika,T051,A-304,1,8,,none,1,4,0,,
2.b_Angļu valoda_T060_gr1_ins1,2.b,2.b,Angļu valoda,T060,A-203,1,8,,none,1,1,0,,
2.b_Angļu valoda_T081_gr2_ins2,2.b,2.b,Angļu valoda,T081,A-302,1,8,,none,2,2,0,,
2.c_Dizains un tehnoloģijas_T044_gr1_ins1,2.c,2.c,Dizains un tehnoloģijas,T044,A-207,1,8,,none,1,1,0,,
3.b_Sports un veselība (praktiskā)_T069_gr1_ins1,3.b,3.b,Sports un veselība (praktiskā),T069,A-sporta-zale,1,8,,none,1,1,0,,
3.c_Angļu valoda_T018_gr1_ins2,3.c,3.c,Angļu valoda,T018,A-303-b,1,8,,none,1,2,0,,
3.c_Angļu valoda_T064_gr2_ins2,3.c,3.c,Angļu valoda,T064,A-403-a,1,8,,none,2,2,0,,
4.b_Matemātika_T020_gr1_ins5,4.b,4.b,Matemātika,T020,A-104,1,8,,none,1,5,0,,
5.b_Vācu valoda_T063_gr2_ins1,5.b,5.b,Vācu valoda,T063,A-209,1,8,,none,2,1,0,,
6.a_Sports un veselība (praktiskā)_T071_gr1_ins2,6.a,6.a,Sports un veselība (praktiskā),T071,T-sporta-zale,1,8,SPORT_6,optional_single_or_pair,1,2,0,,
7.a_Vācu valoda_T024_gr1_ins3,7.a,7.a,Vācu valoda,T024,T-407,1,8,,none,1,3,0,,
7.b_Latviešu valoda_T001_gr1_ins1,7.b,7.b,Latviešu valoda,T001,T-207,1,8,,none,1,1,0,,
8.a_Latviešu valoda_T048_gr1_ins2,8.a,8.a,Latviešu valoda,T048,T-108,1,8,,none,1,2,0,,
8.b_Mūzika_T050_gr1_ins1,8.b,8.b,Mūzika,T050,T-409,1,8,,none,1,1,0,,
9.a_Dizains un tehnoloģijas_T016_gr1_ins1,9.a,9.a,Dizains un tehnoloģijas,T016,T-208,1,8,,none,1,1,0,,
9.b_Matemātika_T012_gr1_ins5,9.b,9.b,Matemātika,T012,T-408,1,8,,none,1,5,0,,
9.c_Matemātika_T003_gr1_ins2,9.c,9.c,Matemātika,T003,T-305,1,8,,none,1,2,0,,
1.a_Latviešu valoda_T068_gr1_ins1,1.a,1.a,Latviešu valoda,T068,A-204,1,9,,none,1,1,0,,
v2_10.a-HUM+10.a-UZN_Bioloģija I_stream2_T005_gr1_ins2,10.a-HUM,10.a-HUM+10.a-UZN,Bioloģija I,T005,T-506,1,9,BIO_10,fixed_pair_partition,1,2,2,BIO_10,v2
v3_11.a-UZN+11.b-DAB_Latviešu valoda un literatūra I_stream1_T059_gr1_ins3,11.a-UZN,11.a-UZN+11.b-DAB,Latviešu valoda un literatūra I,T059,T-305,1,9,LAT_11,fixed_pair_partition,1,3,1,LAT_11,v3
"v1_12.a-HUM+12.a-UZN_Svešvaloda (otrā, vācu) II B2_stream1_T010_gr1_ins4",12.a-HUM,12.a-HUM+12.a-UZN,"Svešvaloda (otrā, vācu) II B2",T010,T-410,1,9,GERMAN2_12,fixed_pair_partition,1,4,1,GERMAN2_12,v1
v1_12.b-DAB+12.b-MAT_Fizika II_stream1_T006_gr1_ins7,12.b-DAB,12.b-DAB+12.b-MAT,Fizika II,T006,T-408,1,9,PHYS_12,fixed_pair_partition,1,7,1,PHYS_12,v1
2.a_Latviešu valoda_T096_gr2_ins2,2.a,2.a,Latviešu valoda,T096,A-110,1,9,,none,2,2,0,,
3.a_Matemātika_T072_gr1_ins2,3.a,3.a,Matemātika,T072,A-209,1,9,,none,1,2,0,,
3.b_Sociālās zinības_T004_gr1_ins1,3.b,3.b,Sociālās zinības,T004,A-404,1,9,,none,1,1,0,,
4.a_Literatūra_T032_gr1_ins1,4.a,4.a,Literatūra,T032,A-302,1,9,,none,1,1,0,,
4.c_Matemātika_T020_gr1_ins1,4.c,4.c,Matemātika,T020,A-203,1,9,,none,1,1,0,,
5.b_Angļu valoda_T018_gr1_ins3,5.b,5.b,Angļu valoda,T018,A-303-b,1,9,,none,1,3,0,,
5.b_Angļu valoda_T080_gr2_ins1,5.b,5.b,Angļu valoda,T080,A-403,1,9,,none,2,1,0,,
6.b_Literatūra_T037_gr1_ins1,6.b,6.b,Literatūra,T037,T-707,1,9,,none,1,1,0,,
6.c_Vācu valoda_T024_gr1_ins1,6.c,6.c,Vācu valoda,T024,T-404,1,9,,none,1,1,0,,
6.c_Vācu valoda_T025_gr2_ins2,6.c,6.c,Vācu valoda,T025,T-303,1,9,,none,2,2,0,,
7.a_Mūzika_T050_gr1_ins2,7.a,7.a,Mūzika,T050,T-601,1,9,,none,1,2,0,,
7.b_Vizuālā māksla_T066_gr1_ins2,7.b,7.b,Vizuālā māksla,T066,T-207,1,9,,none,1,2,0,,
8.a_Bioloģija_T054_gr1_ins1,8.a,8.a,Bioloģija,T054,T-108,1,9,,none,1,1,0,,
8.b_Fizika_T077_gr1_ins1,8.b,8.b,Fizika,T077,T-208,1,9,,none,1,1,0,,
8.c_Angļu valoda_T007_gr1_ins3,8.c,8.c,Angļu valoda,T007,T-403,1,9,,none,1,3,0,,
8.c_Angļu valoda_T053_gr2_ins3,8.c,8.c,Angļu valoda,T053,T-307,1,9,,none,2,3,0,,
9.b_Latviešu valoda_T001_gr1_ins3,9.b,9.b,Latviešu valoda,T001,T-605,1,9,,none,1,3,0,,
9.c_Sociālās zinības_T084_gr1_ins1,9.c,9.c,Sociālās zinības,T084,T-504,1,9,,none,1,1,0,,
1.a_Dabaszinības_T051_gr1_ins1,1.a,1.a,Dabaszinības,T051,A-402,2,0,,none,1,1,0,,
1.b_Vizuālā māksla_T043_gr1_ins2,1.b,1.b,Vizuālā māksla,T043,A-302,2,0,,none,1,2,0,,
"10.a-HUM+10.a-UZN+10.b-DAB+10.b-MAT_Svešvaloda (otrā, vācu) I B1_T010_gr1_ins3",10.a-HUM,10.a-HUM+10.a-UZN+10.b-DAB+10.b-MAT,"Svešvaloda (otrā, vācu) I B1",T010,T-404,2,0,GERMAN_10_ALL,forced_parallel_groups,1,3,0,,
"10.a-HUM+10.a-UZN+10.b-DAB+10.b-MAT_Svešvaloda (otrā, vācu) I B1_T025_gr2_ins3",10.a-HUM,10.a-HUM+10.a-UZN+10.b-DAB+10.b-MAT,"Svešvaloda (otrā, vācu) I B1",T025,T-306,2,0,GERMAN_10_ALL,forced_parallel_groups,2,3,0,,
"10.a-HUM+10.a-UZN+10.b-DAB+10.b-MAT_Svešvaloda (otrā, vācu) I B1_T028_gr3_ins3",10.a-HUM,10.a-HUM+10.a-UZN+10.b-DAB+10.b-MAT,"Svešvaloda (otrā, vācu) I B1",T028,T-405,2,0,GERMAN_10_ALL,forced_parallel_groups,3,3,0,,
"10.a-HUM+10.a-UZN+10.b-DAB+10.b-MAT_Svešvaloda (otrā, vācu) I B1_T033_gr4_ins3",10.a-HUM,10.a-HUM+10.a-UZN+10.b-DAB+10.b-MAT,"Svešvaloda (otrā, vācu) I B1",T033,T-505,2,0,GERMAN_10_ALL,forced_parallel_groups,4,3,0,,
v1_11.a-HUM+11.b-DAB_Matemātika I_stream1_T082_gr1_ins4,11.a-HUM,11.a-HUM+11.b-DAB,Matemātika I,T082,T-606,2,0,MATH_11,fixed_pair_partition,1,4,1,MATH_11,v1
11.b-MAT_Programmēšana I_T045_gr1_ins1,11.b-MAT,11.b-MAT,Programmēšana I,T045,T-301,2,0,,none,1,1,0,,
v1_12.a-HUM+12.b-DAB_Sports un veselība (teorija)_stream1_T040_gr1_ins1,12.a-HUM,12.a-HUM+12.b-DAB,Sports un veselība (teorija),T040,T-601,2,0,SPORTT_12,fixed_pair_partition,1,1,1,SPORTT_12,v1
2.a_Sports un veselība (teorija)_T044_gr1_ins1,2.a,2.a,Sports un veselība (teorija),T044,A-403,2,0,,none,1,1,0,,
3.a_Angļu valoda_T064_gr2_ins1,3.a,3.a,Angļu valoda,T064,A-106,2,0,,none,2,1,0,,
3.b_Matemātika_T072_gr1_ins3,3.b,3.b,Matemātika,T072,A-203,2,0,,none,1,3,0,,
3.c_Latviešu valoda_T004_gr1_ins4,3.c,3.c,Latviešu valoda,T004,A-209,2,0,,none,1,4,0,,
3.c_Latviešu valoda_T029_gr2_ins3,3.c,3.c,Latviešu valoda,T029,A-404,2,0,,none,2,3,0,,
4.a_Matemātika_T020_gr1_ins5,4.a,4.a,Matemātika,T020,A-104,2,0,,none,1,5,0,,
6.a_Angļu valoda_T081_gr1_ins2,6.a,6.a,Angļu valoda,T081,T-303,2,0,,none,1,2,0,,
6.a_Angļu valoda_T095_gr2_ins2,6.a,6.a,Angļu valoda,T095,T-406,2,0,,none,2,2,0,,
6.b_Sports un veselība (praktiskā)_T071_gr1_ins2,6.b,6.b,Sports un veselība (praktiskā),T071,T-sporta-zale,2,0,SPORT_6,optional_single_or_pair,1,2,0,,
6.c_Latviešu valoda_T037_gr1_ins3,6.c,6.c,Latviešu valoda,T037,T-506,2,0,,none,1,3,0,,
7.a_Sociālās zinības_T084_gr1_ins1,7.a,7.a,Sociālās zinības,T084,T-504,2,0,,none,1,1,0,,
7.b_Ķīmija_T036_gr1_ins1,7.b,7.b,Ķīmija,T036,T-309,2,0,,none,1,1,0,,
7.c_Mūzika_T050_gr1_ins2,7.c,7.c,Mūzika,T050,T-302,2,0,,none,1,2,0,,
8.a_Datorika_T016_gr1_ins1,8.a,8.a,Datorika,T016,T-304,2,0,,none,1,1,0,,
8.b_Matemātika_T088_gr1_ins1,8.b,8.b,Matemātika,T088,T-108,2,0,,none,1,1,0,,
8.c_Ģeogrāfija_T087_gr1_ins2,8.c,8.c,Ģeogrāfija,T087,T-409,2,0,,none,1,2,0,,
9.a_Latviešu valoda_T001_gr1_ins1,9.a,9.a,Latviešu valoda,T001,T-407,2,0,,none,1,1,0,,
9.a_Latviešu valoda_T048_gr2_ins1,9.a,9.a,Latviešu valoda,T048,T-410,2,0,,none,2,1,0,,
9.b_Angļu valoda_T079_gr2_ins1,9.b,9.b,Angļu valoda,T079,T-707,2,0,,none,2,1,0,,
9.c_Bioloģija_T023_gr1_ins1,9.c,9.c,Bioloģija,T023,T-603,2,0,,none,1,1,0,,
1.b_Angļu valoda_T064_gr2_ins1,1.b,1.b,Angļu valoda,T064,A-303-a,2,1,,none,2,1,0,,
10.a-HUM+10.a-UZN+10.b-DAB+10.b-MAT_Sports un veselība (praktiskā)_T070_gr1_ins1,10.a-HUM,10.a-HUM+10.a-UZN+10.b-DAB+10.b-MAT,Sports un veselība (praktiskā),T070,T-sporta-zale,2,1,SPORT_10_ALL,forced_parallel_groups,1,1,0,,
v1_11.a-HUM+11.b-DAB_Svešvaloda (angļu) I B2_stream1_T062_gr1_ins4,11.a-HUM,11.a-HUM+11.b-DAB,Svešvaloda (angļu) I B2,T062,T-603,2,1,ENG_11,fixed_pair_partition,1,4,1,ENG_11,v1
v1_11.a-UZN+11.b-MAT_Matemātika I_stream2_T082_gr1_ins4,11.a-UZN,11.a-UZN+11.b-MAT,Matemātika I,T082,T-409,2,1,MATH_11,fixed_pair_partition,1,4,2,MATH_11,v1
v3_12.a-HUM+12.b-MAT_Vācu valoda akadēmiskiem nolūkiem_stream2_T010_gr1_ins1,12.a-HUM,12.a-HUM+12.b-MAT,Vācu valoda akadēmiskiem nolūkiem,T010,T-207,2,1,GERMANAK_12,fixed_pair_partition,1,1,2,GERMANAK_12,v3
12.b-DAB_Bioloģija II_T005_gr1_ins3,12.b-DAB,12.b-DAB,Bioloģija II,T005,T-602,2,1,,none,1,3,0,,
2.c_Latviešu valoda_T049_gr1_ins3,2.c,2.c,Latviešu valoda,T049,A-104,2,1,,none,1,3,0,,
2.c_Latviešu valoda_T096_gr2_ins3,2.c,2.c,Latviešu valoda,T096,A-203,2,1,,none,2,3,0,,
3.a_Latviešu valoda_T004_gr1_ins2,3.a,3.a,Latviešu valoda,T004,A-205,2,1,,none,1,2,0,,
3.a_Latviešu valoda_T029_gr2_ins2,3.a,3.a,Latviešu valoda,T029,A-209,2,1,,none,2,2,0,,
3.b_Sports un veselība (praktiskā)_T069_gr1_ins2,3.b,3.b,Sports un veselība (praktiskā),T069,A-sporta-zale,2,1,,none,1,2,0,,
3.c_Dabaszinības_T072_gr1_ins2,3.c,3.c,Dabaszinības,T072,A-308,2,1,,none,1,2,0,,
4.b_Datorika_T019_gr2_ins1,4.b,4.b,Datorika,T019,A-305,2,1,,none,2,1,0,,
5.a_Matemātika_T020_gr1_ins4,5.a,5.a,Matemātika,T020,A-302,2,1,,none,1,4,0,,
5.b_Latviešu valoda_T032_gr1_ins2,5.b,5.b,Latviešu valoda,T032,A-208,2,1,,none,1,2,0,,
5.b_Latviešu valoda_T035_gr2_ins2,5.b,5.b,Latviešu valoda,T035,A-403-a,2,1,,none,2,2,0,,
6.b_Angļu valoda_T081_gr1_ins1,6.b,6.b,Angļu valoda,T081,T-406,2,1,,none,1,1,0,,
7.a_Sports un veselība_T040_gr1_ins2,7.a,7.a,Sports un veselība,T040,T-307,2,1,SPORT_7,optional_single_or_pair,1,2,0,,
7.c_Angļu valoda_T053_gr1_ins3,7.c,7.c,Angļu valoda,T053,T-410,2,1,,none,1,3,0,,
7.c_Angļu valoda_T095_gr2_ins2,7.c,7.c,Angļu valoda,T095,T-208,2,1,,none,2,2,0,,
8.a_Vēsture_T084_gr1_ins1,8.a,8.a,Vēsture,T084,T-306,2,1,,none,1,1,0,,
8.b_Vizuālā māksla_T066_gr1_ins1,8.b,8.b,Vizuālā māksla,T066,T-606,2,1,,none,1,1,0,,
8.c_Vācu valoda_T025_gr1_ins1,8.c,8.c,Vācu valoda,T025,T-403,2,1,,none,1,1,0,,
9.a_Matemātika_T003_gr1_ins2,9.a,9.a,Matemātika,T003,T-408,2,1,,none,1,2,0,,
9.b_Vācu valoda_T090_gr2_ins1,9.b,9.b,Vācu valoda,T090,T-404,2,1,,none,2,1,0,,
9.c_Fizika_T077_gr1_ins1,9.c,9.c,Fizika,T077,T-605,2,1,,none,1,1,0,,
1.a_Sports un veselība_T069_gr1_ins2,1.a,1.a,Sports un veselība,T069,A-105,2,2,,none,1,2,0,,
1.b_Latviešu valoda_T004_gr1_ins2,1.b,1.b,Latviešu valoda,T004,A-207,2,2,,none,1,2,0,,
1.b_Latviešu valoda_T096_gr2_ins4,1.b,1.b,Latviešu valoda,T096,A-110,2,2,,none,2,4,0,,
v3_10.a-UZN+10.b-DAB_Latviešu valoda un literatūra I_stream1_T059_gr1_ins2,10.a-UZN,10.a-UZN+10.b-DAB,Latviešu valoda un literatūra I,T059,T-601,2,2,LAT_10,fixed_pair_partition,1,2,1,LAT_10,v3
v1_11.b-DAB+11.b-MAT_Kultūras pamati_stream1_T066_gr1_ins2,11.b-DAB,11.b-DAB+11.b-MAT,Kultūras pamati,T066,T-402,2,2,CULT_11,fixed_pair_partition,1,2,1,CULT_11,v1
v1_12.a-HUM+12.a-UZN_Svešvaloda (angļu) II C1_stream1_T062_gr1_ins1,12.a-HUM,12.a-HUM+12.a-UZN,Svešvaloda (angļu) II C1,T062,T-506,2,2,ENG2_12,fixed_pair_partition,1,1,1,ENG2_12,v1
2.b_Latviešu valoda_T049_gr1_ins2,2.b,2.b,Latviešu valoda,T049,A-209,2,2,,none,1,2,0,,
4.b_Mūzika_T026_gr1_ins2,4.b,4.b,Mūzika,T026,A-206,2,2,,none,1,2,0,,
5.a_Datorika_T016_gr1_ins1,5.a,5.a,Datorika,T016,A-305,2,2,,none,1,1,0,,
5.b_Sports un veselība (praktiskā)_T040_gr1_ins2,5.b,5.b,Sports un veselība (praktiskā),T040,A-sporta-zale,2,2,,none,1,2,0,,
5.c_Angļu valoda_T018_gr1_ins1,5.c,5.c,Angļu valoda,T018,A-405,2,2,,none,1,1,0,,
5.c_Angļu valoda_T080_gr2_ins3,5.c,5.c,Angļu valoda,T080,A-402,2,2,,none,2,3,0,,
6.a_Teātra māksla_T008_gr1_ins1,6.a,6.a,Teātra māksla,T008,T-602,2,2,,none,1,1,0,,
6.b_Vācu valoda_T024_gr1_ins3,6.b,6.b,Vācu valoda,T024,T-306,2,2,,none,1,3,0,,
6.b_Vācu valoda_T025_gr2_ins1,6.b,6.b,Vācu valoda,T025,T-504,2,2,,none,2,1,0,,
6.c_Matemātika_T003_gr1_ins1,6.c,6.c,Matemātika,T003,T-302,2,2,,none,1,1,0,,
7.a_Angļu valoda_T053_gr1_ins1,7.a,7.a,Angļu valoda,T053,T-606,2,2,,none,1,1,0,,
7.a_Angļu valoda_T095_gr2_ins2,7.a,7.a,Angļu valoda,T095,T-408,2,2,,none,2,2,0,,
7.c_Ģeogrāfija_T087_gr1_ins1,7.c,7.c,Ģeogrāfija,T087,T-406,2,2,,none,1,1,0,,
8.c_Matemātika_T088_gr1_ins3,8.c,8.c,Matemātika,T088,T-207,2,2,,none,1,3,0,,
9.b_Datorika_T019_gr2_ins1,9.b,9.b,Datorika,T019,T-301,2,2,,none,2,1,0,,
9.c_Ķīmija_T046_gr1_ins2,9.c,9.c,Ķīmija,T046,T-309,2,2,,none,1,2,0,,
1.b_Sports un veselība_T069_gr1_ins2,1.b,1.b,Sports un veselība,T069,A-110,2,3,,none,1,2,0,,
v2_10.b-DAB+10.b-MAT_Bioloģija I_stream1_T005_gr1_ins3,10.b-DAB,10.b-DAB+10.b-MAT,Bioloģija I,T005,T-408,2,3,BIO_10,fixed_pair_partition,1,3,1,BIO_10,v2
11.a-HUM+11.a-UZN+11.b-DAB+11.b-MAT_Sports un veselība (praktiskā)_T040_gr1_ins2,11.a-HUM,11.a-HUM+11.a-UZN+11.b-DAB+11.b-MAT,Sports un veselība (praktiskā),T040,T-sporta-zale,2,3,SPORT_11_ALL,forced_parallel_groups,1,2,0,,
v1_12.a-UZN+12.b-MAT_Matemātika II_stream1_T082_gr1_ins3,12.a-UZN,12.a-UZN+12.b-MAT,Matemātika II,T082,T-504,2,3,MATH_12,fixed_pair_partition,1,3,1,MATH_12,v1
12.b-DAB_Ķīmija II_T046_gr1_ins6,12.b-DAB,12.b-DAB,Ķīmija II,T046,T-309,2,3,,none,1,6,0,,
2.a_Matemātika_T051_gr1_ins5,2.a,2.a,Matemātika,T051,A-209,2,3,,none,1,5,0,,
2.b_Vizuālā māksla_T043_gr1_ins1,2.b,2.b,Vizuālā māksla,T043,A-303,2,3,,none,1,1,0,,
3.b_Latviešu valoda_T004_gr1_ins5,3.b,3.b,Latviešu valoda,T004,A-304,2,3,,none,1,5,0,,
3.b_Latviešu valoda_T029_gr2_ins4,3.b,3.b,Latviešu valoda,T029,A-404,2,3,,none,2,4,0,,
4.b_Mūzika_T026_gr1_ins1,4.b,4.b,Mūzika,T026,A-307,2,3,,none,1,1,0,,
4.c_Matemātika_T020_gr1_ins3,4.c,4.c,Matemātika,T020,A-405,2,3,,none,1,3,0,,
5.a_Sociālās zinības un vēsture_T084_gr1_ins2,5.a,5.a,Sociālās zinības un vēsture,T084,A-403,2,3,,none,1,2,0,,
5.c_Vācu valoda_T024_gr1_ins1,5.c,5.c,Vācu valoda,T024,A-402,2,3,,none,1,1,0,,
6.a_Matemātika_T003_gr1_ins5,6.a,6.a,Matemātika,T003,T-705,2,3,,none,1,5,0,,
6.b_Angļu valoda_T095_gr2_ins2,6.b,6.b,Angļu valoda,T095,T-506,2,3,,none,2,2,0,,
7.a_Matemātika_T055_gr1_ins2,7.a,7.a,Matemātika,T055,T-302,2,3,,none,1,2,0,,
7.b_Latviešu valoda_T001_gr1_ins3,7.b,7.b,Latviešu valoda,T001,T-602,2,3,,none,1,3,0,,
7.b_Latviešu valoda_T037_gr2_ins2,7.b,7.b,Latviešu valoda,T037,T-605,2,3,,none,2,2,0,,
7.c_Datorika_T056_gr2_ins1,7.c,7.c,Datorika,T056,T-304,2,3,,none,2,1,0,,
8.a_Vizuālā māksla_T066_gr1_ins1,8.a,8.a,Vizuālā māksla,T066,T-208,2,3,,none,1,1,0,,
8.b_Angļu valoda_T053_gr2_ins1,8.b,8.b,Angļu valoda,T053,T-307,2,3,,none,2,1,0,,
8.c_Bioloģija_T054_gr1_ins1,8.c,8.c,Bioloģija,T054,T-606,2,3,,none,1,1,0,,
9.b_Vācu valoda_T025_gr1_ins3,9.b,9.b,Vācu valoda,T025,T-407,2,3,,none,1,3,0,,
9.b_Vācu valoda_T090_gr2_ins3,9.b,9.b,Vācu valoda,T090,T-403,2,3,,none,2,3,0,,
1.a_Matemātika_T051_gr1_ins1,1.a,1.a,Matemātika,T051,A-106,2,4,,none,1,1,0,,
v2_10.a-HUM+10.a-UZN_Bioloģija I_stream2_T005_gr1_ins1,10.a-HUM,10.a-HUM+10.a-UZN,Bioloģija I,T005,T-302,2,4,BIO_10,fixed_pair_partition,1,1,2,BIO_10,v2
v3_11.a-UZN+11.b-DAB_Latviešu valoda un literatūra I_stream1_T059_gr1_ins1,11.a-UZN,11.a-UZN+11.b-DAB,Latviešu valoda un literatūra I,T059,T-705,2,4,LAT_11,fixed_pair_partition,1,1,1,LAT_11,v3
v3_12.a-UZN+12.b-DAB_Vācu valoda akadēmiskiem nolūkiem_stream1_T010_gr1_ins1,12.a-UZN,12.a-UZN+12.b-DAB,Vācu valoda akadēmiskiem nolūkiem,T010,T-603,2,4,GERMANAK_12,fixed_pair_partition,1,1,1,GERMANAK_12,v3
2.b_Sports un veselība (teorija)_T044_gr1_ins1,2.b,2.b,Sports un veselība (teorija),T044,A-110,2,4,,none,1,1,0,,
3.b_Matemātika_T072_gr1_ins1,3.b,3.b,Matemātika,T072,A-104,2,4,,none,1,1,0,,
4.a_Literatūra_T083_gr2_ins1,4.a,4.a,Literatūra,T083,A-308,2,4,,none,2,1,0,,
5.a_Literatūra_T032_gr1_ins1,5.a,5.a,Literatūra,T032,A-205,2,4,,none,1,1,0,,
5.b_Sports un veselība (praktiskā)_T040_gr1_ins1,5.b,5.b,Sports un veselība (praktiskā),T040,A-sporta-zale,2,4,,none,1,1,0,,
6.a_Dabaszinības_T038_gr1_ins1,6.a,6.a,Dabaszinības,T038,T-601,2,4,,none,1,1,0,,
6.b_Literatūra_T037_gr1_ins2,6.b,6.b,Literatūra,T037,T-407,2,4,,none,1,2,0,,
7.b_Vācu valoda_T028_gr2_ins2,7.b,7.b,Vācu valoda,T028,T-605,2,4,,none,2,2,0,,
7.c_Latviešu valoda_T001_gr1_ins3,7.c,7.c,Latviešu valoda,T001,T-409,2,4,,none,1,3,0,,
8.a_Ķīmija_T036_gr1_ins1,8.a,8.a,Ķīmija,T036,T-309,2,4,,none,1,1,0,,
8.b_Matemātika_T088_gr1_ins5,8.b,8.b,Matemātika,T088,T-306,2,4,,none,1,5,0,,
8.c_Latviešu valoda_T048_gr1_ins2,8.c,8.c,Latviešu valoda,T048,T-401,2,4,,none,1,2,0,,
9.a_Vācu valoda_T025_gr1_ins3,9.a,9.a,Vācu valoda,T025,T-707,2,4,,none,1,3,0,,
9.a_Vācu valoda_T090_gr2_ins3,9.a,9.a,Vācu valoda,T090,T-408,2,4,,none,2,3,0,,
9.c_Vēsture_T084_gr1_ins1,9.c,9.c,Vēsture,T084,T-108,2,4,,none,1,1,0,,
1.a_Latviešu valoda_T068_gr1_ins2,1.a,1.a,Latviešu valoda,T068,A-205,2,5,,none,1,2,0,,
v1_10.a-HUM+10.b-DAB_Mazākumtautību valoda un literatūra_stream1_T075_gr1_ins2,10.a-HUM,10.a-HUM+10.b-DAB,Mazākumtautību valoda un literatūra,T075,T-606,2,5,RUS_10,fixed_pair_partition,1,2,1,RUS_10,v1
v2_10.b-MAT_Sociālās zinības un vēsture_stream2_T085_gr1_ins2,10.b-MAT,10.b-MAT,Sociālās zinības un vēsture,T085,T-707,2,5,SOC_10,fixed_pair_partition,1,2,2,SOC_10,v2
v1_11.a-HUM+11.b-DAB_Matemātika I_stream1_T082_gr1_ins3,11.a-HUM,11.a-HUM+11.b-DAB,Matemātika I,T082,T-208,2,5,MATH_11,fixed_pair_partition,1,3,1,MATH_11,v1
11.b-MAT_Programmēšana I_T045_gr1_ins3,11.b-MAT,11.b-MAT,Programmēšana I,T045,T-301,2,5,,none,1,3,0,,
v1_12.a-HUM+12.a-UZN_Ģeogrāfija II_stream1_T087_gr1_ins3,12.a-HUM,12.a-HUM+12.a-UZN,Ģeogrāfija II,T087,T-601,2,5,GEO_12,fixed_pair_partition,1,3,1,GEO_12,v1
2.a_Matemātika_T051_gr1_ins3,2.a,2.a,Matemātika,T051,A-203,2,5,,none,1,3,0,,
2.c_Latviešu valoda_T049_gr1_ins6,2.c,2.c,Latviešu valoda,T049,A-402,2,5,,none,1,6,0,,
2.c_Latviešu valoda_T096_gr2_ins2,2.c,2.c,Latviešu valoda,T096,A-309,2,5,,none,2,2,0,,
3.a_Angļu valoda_T064_gr2_ins3,3.a,3.a,Angļu valoda,T064,A-206,2,5,,none,2,3,0,,
4.a_Dabaszinības_T038_gr1_ins2,4.a,4.a,Dabaszinības,T038,A-308,2,5,,none,1,2,0,,
4.c_Angļu valoda_T060_gr1_ins2,4.c,4.c,Angļu valoda,T060,A-304,2,5,,none,1,2,0,,
4.c_Angļu valoda_T080_gr2_ins1,4.c,4.c,Angļu valoda,T080,A-204,2,5,,none,2,1,0,,
5.a_Latviešu valoda_T032_gr1_ins1,5.a,5.a,Latviešu valoda,T032,A-302,2,5,,none,1,1,0,,
5.a_Latviešu valoda_T035_gr2_ins5,5.a,5.a,Latviešu valoda,T035,A-105,2,5,,none,2,5,0,,
6.c_Datorika_T056_gr2_ins1,6.c,6.c,Datorika,T056,T-304,2,5,,none,2,1,0,,
7.a_Vācu valoda_T024_gr1_ins1,7.a,7.a,Vācu valoda,T024,T-405,2,5,,none,1,1,0,,
7.b_Vēsture_T084_gr1_ins1,7.b,7.b,Vēsture,T084,T-307,2,5,,none,1,1,0,,
7.c_Dizains un tehnoloģijas_T016_gr1_ins1,7.c,7.c,Dizains un tehnoloģijas,T016,T-603,2,5,,none,1,1,0,,
8.a_Angļu valoda_T007_gr1_ins2,8.a,8.a,Angļu valoda,T007,T-505,2,5,,none,1,2,0,,
8.a_Angļu valoda_T053_gr2_ins3,8.a,8.a,Angļu valoda,T053,T-302,2,5,,none,2,3,0,,
8.b_Latviešu valoda_T048_gr1_ins2,8.b,8.b,Latviešu valoda,T048,T-410,2,5,,none,1,2,0,,
8.c_Matemātika_T088_gr1_ins1,8.c,8.c,Matemātika,T088,T-305,2,5,,none,1,1,0,,
9.c_Vācu valoda_T025_gr1_ins3,9.c,9.c,Vācu valoda,T025,T-409,2,5,,none,1,3,0,,
9.c_Vācu valoda_T090_gr2_ins1,9.c,9.c,Vācu valoda,T090,T-402,2,5,,none,2,1,0,,
1.b_Vizuālā māksla_T043_gr1_ins1,1.b,1.b,Vizuālā māksla,T043,A-204,2,6,,none,1,1,0,,
"10.a-HUM+10.a-UZN+10.b-DAB+10.b-MAT_Svešvaloda (otrā, vācu) I B1_T010_gr1_ins2",10.a-HUM,10.a-HUM+10.a-UZN+10.b-DAB+10.b-MAT,"Svešvaloda (otrā, vācu) I B1",T010,T-504,2,6,GERMAN_10_ALL,forced_parallel_groups,1,2,0,,
"10.a-HUM+10.a-UZN+10.b-DAB+10.b-MAT_Svešvaloda (otrā, vācu) I B1_T025_gr2_ins2",10.a-HUM,10.a-HUM+10.a-UZN+10.b-DAB+10.b-MAT,"Svešvaloda (otrā, vācu) I B1",T025,T-403,2,6,GERMAN_10_ALL,forced_parallel_groups,2,2,0,,
"10.a-HUM+10.a-UZN+10.b-DAB+10.b-MAT_Svešvaloda (otrā, vācu) I B1_T028_gr3_ins2",10.a-HUM,10.a-HUM+10.a-UZN+10.b-DAB+10.b-MAT,"Svešvaloda (otrā, vācu) I B1",T028,T-404,2,6,GERMAN_10_ALL,forced_parallel_groups,3,2,0,,
"10.a-HUM+10.a-UZN+10.b-DAB+10.b-MAT_Svešvaloda (otrā, vācu) I B1_T033_gr4_ins2",10.a-HUM,10.a-HUM+10.a-UZN+10.b-DAB+10.b-MAT,"Svešvaloda (otrā, vācu) I B1",T033,T-303,2,6,GERMAN_10_ALL,forced_parallel_groups,4,2,0,,
v1_11.a-UZN+11.b-MAT_Matemātika I_stream2_T082_gr1_ins1,11.a-UZN,11.a-UZN+11.b-MAT,Matemātika I,T082,T-307,2,6,MATH_11,fixed_pair_partition,1,1,2,MATH_11,v1
v1_12.a-HUM+12.a-UZN_Ģeogrāfija II_stream1_T087_gr1_ins5,12.a-HUM,12.a-HUM+12.a-UZN,Ģeogrāfija II,T087,T-306,2,6,GEO_12,fixed_pair_partition,1,5,1,GEO_12,v1
2.a_Latviešu valoda_T096_gr2_ins4,2.a,2.a,Latviešu valoda,T096,A-303-a,2,6,,none,2,4,0,,
2.b_Matemātika_T051_gr1_ins3,2.b,2.b,Matemātika,T051,A-302,2,6,,none,1,3,0,,
4.a_Sociālās zinības un vēsture_T084_gr1_ins1,4.a,4.a,Sociālās zinības un vēsture,T084,A-207,2,6,,none,1,1,0,,
4.c_Latviešu valoda_T035_gr1_ins4,4.c,4.c,Latviešu valoda,T035,A-110,2,6,,none,1,4,0,,
4.c_Latviešu valoda_T049_gr2_ins2,4.c,4.c,Latviešu valoda,T049,A-206,2,6,,none,2,2,0,,
5.a_Vizuālā māksla_T092_gr1_ins1,5.a,5.a,Vizuālā māksla,T092,A-405,2,6,,none,1,1,0,,
5.b_Latviešu valoda_T032_gr1_ins3,5.b,5.b,Latviešu valoda,T032,A-402,2,6,,none,1,3,0,,
5.c_Sports un veselība (praktiskā)_T040_gr1_ins1,5.c,5.c,Sports un veselība (praktiskā),T040,A-sporta-zale,2,6,,none,1,1,0,,
6.a_Angļu valoda_T081_gr1_ins1,6.a,6.a,Angļu valoda,T081,T-405,2,6,,none,1,1,0,,
6.a_Angļu valoda_T095_gr2_ins3,6.a,6.a,Angļu valoda,T095,T-302,2,6,,none,2,3,0,,
6.b_Matemātika_T003_gr1_ins3,6.b,6.b,Matemātika,T003,T-406,2,6,,none,1,3,0,,
6.c_Dabaszinības_T038_gr1_ins1,6.c,6.c,Dabaszinības,T038,T-602,2,6,,none,1,1,0,,
7.a_Ķīmija_T036_gr1_ins1,7.a,7.a,Ķīmija,T036,T-309,2,6,,none,1,1,0,,
9.a_Fizika_T077_gr1_ins2,9.a,9.a,Fizika,T077,T-501,2,6,,none,1,2,0,,
9.b_Latviešu valoda_T048_gr2_ins2,9.b,9.b,Latviešu valoda,T048,T-605,2,6,,none,2,2,0,,
9.c_Angļu valoda_T007_gr1_ins3,9.c,9.c,Angļu valoda,T007,T-208,2,6,,none,1,3,0,,
9.c_Angļu valoda_T079_gr2_ins1,9.c,9.c,Angļu valoda,T079,T-402,2,6,,none,2,1,0,,
1.a_Sociālās zinības_T051_gr1_ins1,1.a,1.a,Sociālās zinības,T051,A-207,2,7,,none,1,1,0,,
v1_10.a-UZN+10.b-MAT_Sports un veselība (teorija)_stream2_T070_gr1_ins1,10.a-UZN,10.a-UZN+10.b-MAT,Sports un veselība (teorija),T070,T-602,2,7,SPORTT_10,fixed_pair_partition,1,1,2,SPORTT_10,v1
v3_10.b-DAB_Datorika_stream2_T056_gr1_ins1,10.b-DAB,10.b-DAB,Datorika,T056,T-301,2,7,DATORIKA_10,fixed_pair_partition,1,1,2,DATORIKA_10,v3
v1_11.a-HUM+11.b-DAB_Svešvaloda (angļu) I B2_stream1_T062_gr1_ins2,11.a-HUM,11.a-HUM+11.b-DAB,Svešvaloda (angļu) I B2,T062,T-603,2,7,ENG_11,fixed_pair_partition,1,2,1,ENG_11,v1
v1_11.a-UZN+11.b-MAT_Matemātika I_stream2_T082_gr1_ins6,11.a-UZN,11.a-UZN+11.b-MAT,Matemātika I,T082,T-410,2,7,MATH_11,fixed_pair_partition,1,6,2,MATH_11,v1
v3_12.a-HUM+12.b-MAT_Vācu valoda akadēmiskiem nolūkiem_stream2_T010_gr1_ins2,12.a-HUM,12.a-HUM+12.b-MAT,Vācu valoda akadēmiskiem nolūkiem,T010,T-407,2,7,GERMANAK_12,fixed_pair_partition,1,2,2,GERMANAK_12,v3
2.b_Dizains un tehnoloģijas_T044_gr1_ins1,2.b,2.b,Dizains un tehnoloģijas,T044,A-405,2,7,,none,1,1,0,,
2.c_Latviešu valoda_T049_gr1_ins5,2.c,2.c,Latviešu valoda,T049,A-302,2,7,,none,1,5,0,,
2.c_Latviešu valoda_T096_gr2_ins4,2.c,2.c,Latviešu valoda,T096,A-204,2,7,,none,2,4,0,,
3.b_Mūzika_T026_gr1_ins1,3.b,3.b,Mūzika,T026,A-106,2,7,,none,1,1,0,,
4.a_Angļu valoda_T060_gr1_ins3,4.a,4.a,Angļu valoda,T060,A-404,2,7,,none,1,3,0,,
4.b_Dabaszinības_T038_gr1_ins2,4.b,4.b,Dabaszinības,T038,A-303,2,7,,none,1,2,0,,
4.c_Sports un veselība (praktiskā)_T069_gr1_ins1,4.c,4.c,Sports un veselība (praktiskā),T069,A-sporta-zale,2,7,,none,1,1,0,,
5.b_Latviešu valoda_T032_gr1_ins4,5.b,5.b,Latviešu valoda,T032,A-205,2,7,,none,1,4,0,,
5.b_Latviešu valoda_T035_gr2_ins3,5.b,5.b,Latviešu valoda,T035,A-308,2,7,,none,2,3,0,,
6.a_Mūzika_T050_gr1_ins1,6.a,6.a,Mūzika,T050,T-606,2,7,,none,1,1,0,,
7.a_Latviešu valoda_T001_gr1_ins3,7.a,7.a,Latviešu valoda,T001,T-306,2,7,,none,1,3,0,,
7.a_Latviešu valoda_T059_gr2_ins3,7.a,7.a,Latviešu valoda,T059,T-505,2,7,,none,2,3,0,,
8.a_Matemātika_T088_gr1_ins3,8.a,8.a,Matemātika,T088,T-601,2,7,,none,1,3,0,,
8.b_Dizains un tehnoloģijas_T016_gr1_ins1,8.b,8.b,Dizains un tehnoloģijas,T016,T-406,2,7,,none,1,1,0,,
8.c_Angļu valoda_T007_gr1_ins2,8.c,8.c,Angļu valoda,T007,T-501,2,7,,none,1,2,0,,
8.c_Angļu valoda_T053_gr2_ins1,8.c,8.c,Angļu valoda,T053,T-705,2,7,,none,2,1,0,,
9.a_Angļu valoda_T079_gr2_ins2,9.a,9.a,Angļu valoda,T079,T-504,2,7,,none,2,2,0,,
9.b_Sociālās zinības_T084_gr1_ins1,9.b,9.b,Sociālās zinības,T084,T-305,2,7,,none,1,1,0,,
1.a_Angļu valoda_T064_gr1_ins1,1.a,1.a,Angļu valoda,T064,A-105,2,8,,none,1,1,0,,
v2_10.b-DAB+10.b-MAT_Bioloģija I_stream1_T005_gr1_ins2,10.b-DAB,10.b-DAB+10.b-MAT,Bioloģija I,T005,T-603,2,8,BIO_10,fixed_pair_partition,1,2,1,BIO_10,v2
"11.a-HUM+11.a-UZN+11.b-DAB+11.b-MAT_Svešvaloda (otrā, vācu) I B1_T010_gr1_ins1",11.a-HUM,11.a-HUM+11.a-UZN+11.b-DAB+11.b-MAT,"Svešvaloda (otrā, vācu) I B1",T010,T-707,2,8,GERMAN_11_ALL,forced_parallel_groups,1,1,0,,
"11.a-HUM+11.a-UZN+11.b-DAB+11.b-MAT_Svešvaloda (otrā, vācu) I B1_T025_gr2_ins1",11.a-HUM,11.a-HUM+11.a-UZN+11.b-DAB+11.b-MAT,"Svešvaloda (otrā, vācu) I B1",T025,T-602,2,8,GERMAN_11_ALL,forced_parallel_groups,2,1,0,,
"11.a-HUM+11.a-UZN+11.b-DAB+11.b-MAT_Svešvaloda (otrā, vācu) I B1_T033_gr3_ins1",11.a-HUM,11.a-HUM+11.a-UZN+11.b-DAB+11.b-MAT,"Svešvaloda (otrā, vācu) I B1",T033,T-404,2,8,GERMAN_11_ALL,forced_parallel_groups,3,1,0,,
v1_12.a-HUM+12.b-DAB_Latviešu valoda un literatūra I_stream1_T059_gr1_ins3,12.a-HUM,12.a-HUM+12.b-DAB,Latviešu valoda un literatūra I,T059,T-601,2,8,LAT_12,fixed_pair_partition,1,3,1,LAT_12,v1
2.a_Latviešu valoda_T049_gr1_ins3,2.a,2.a,Latviešu valoda,T049,A-206,2,8,,none,1,3,0,,
2.c_Sociālās zinības_T051_gr1_ins1,2.c,2.c,Sociālās zinības,T051,A-208,2,8,,none,1,1,0,,
3.a_Matemātika_T072_gr1_ins5,3.a,3.a,Matemātika,T072,A-205,2,8,,none,1,5,0,,
3.b_Latviešu valoda_T029_gr2_ins5,3.b,3.b,Latviešu valoda,T029,A-308,2,8,,none,2,5,0,,
3.c_Latviešu valoda_T004_gr1_ins3,3.c,3.c,Latviešu valoda,T004,A-110,2,8,,none,1,3,0,,
4.b_Vizuālā māksla_T043_gr1_ins1,4.b,4.b,Vizuālā māksla,T043,A-302,2,8,,none,1,1,0,,
4.c_Datorika_T019_gr2_ins1,4.c,4.c,Datorika,T019,A-305,2,8,,none,2,1,0,,
5.a_Dabaszinības_T038_gr1_ins1,5.a,5.a,Dabaszinības,T038,A-204,2,8,,none,1,1,0,,
5.c_Dizains un tehnoloģijas_T016_gr1_ins1,5.c,5.c,Dizains un tehnoloģijas,T016,A-405,2,8,,none,1,1,0,,
6.a_Latviešu valoda_T041_gr2_ins1,6.a,6.a,Latviešu valoda,T041,T-303,2,8,,none,2,1,0,,
6.b_Matemātika_T003_gr1_ins5,6.b,6.b,Matemātika,T003,T-504,2,8,,none,1,5,0,,
6.c_Literatūra_T037_gr1_ins2,6.c,6.c,Literatūra,T037,T-207,2,8,,none,1,2,0,,
7.b_Sports un veselība_T040_gr1_ins2,7.b,7.b,Sports un veselība,T040,T-407,2,8,SPORT_7,optional_single_or_pair,1,2,0,,
8.a_Angļu valoda_T053_gr2_ins1,8.a,8.a,Angļu valoda,T053,T-403,2,8,,none,2,1,0,,
8.b_Vācu valoda_T090_gr2_ins1,8.b,8.b,Vācu valoda,T090,T-505,2,8,,none,2,1,0,,
8.c_Matemātika_T088_gr1_ins5,8.c,8.c,Matemātika,T088,T-307,2,8,,none,1,5,0,,
9.a_Bioloģija_T023_gr1_ins2,9.a,9.a,Bioloģija,T023,T-402,2,8,,none,1,2,0,,
9.b_Latviešu valoda_T001_gr1_ins1,9.b,9.b,Latviešu valoda,T001,T-605,2,8,,none,1,1,0,,
9.b_Latviešu valoda_T048_gr2_ins3,9.b,9.b,Latviešu valoda,T048,T-606,2,8,,none,2,3,0,,
9.c_Ģeogrāfija_T087_gr1_ins2,9.c,9.c,Ģeogrāfija,T087,T-108,2,8,,none,1,2,0,,
10.a-HUM+10.a-UZN+10.b-DAB+10.b-MAT_Sports un veselība (praktiskā)_T070_gr1_ins2,10.a-HUM,10.a-HUM+10.a-UZN+10.b-DAB+10.b-MAT,Sports un veselība (praktiskā),T070,T-sporta-zale,2,9,SPORT_10_ALL,forced_parallel_groups,1,2,0,,
v1_11.a-HUM+11.b-DAB_Matemātika I_stream1_T082_gr1_ins6,11.a-HUM,11.a-HUM+11.b-DAB,Matemātika I,T082,T-601,2,9,MATH_11,fixed_pair_partition,1,6,1,MATH_11,v1
v1_11.a-UZN+11.b-MAT_Svešvaloda (angļu) I B2_stream2_T062_gr1_ins4,11.a-UZN,11.a-UZN+11.b-MAT,Svešvaloda (angļu) I B2,T062,T-707,2,9,ENG_11,fixed_pair_partition,1,4,2,ENG_11,v1
v1_12.a-HUM+12.a-UZN_Ģeogrāfija II_stream1_T087_gr1_ins6,12.a-HUM,12.a-HUM+12.a-UZN,Ģeogrāfija II,T087,T-108,2,9,GEO_12,fixed_pair_partition,1,6,1,GEO_12,v1
12.b-DAB_Bioloģija II_T005_gr1_ins4,12.b-DAB,12.b-DAB,Bioloģija II,T005,T-501,2,9,,none,1,4,0,,
2.a_Sociālās zinības_T051_gr1_ins1,2.a,2.a,Sociālās zinības,T051,A-204,2,9,,none,1,1,0,,
3.c_Sports un veselība (teorija)_T069_gr1_ins1,3.c,3.c,Sports un veselība (teorija),T069,A-203,2,9,,none,1,1,0,,
4.a_Angļu valoda_T060_gr1_ins2,4.a,4.a,Angļu valoda,T060,A-209,2,9,,none,1,2,0,,
4.a_Angļu valoda_T080_gr2_ins3,4.a,4.a,Angļu valoda,T080,A-309,2,9,,none,2,3,0,,
4.b_Matemātika_T020_gr1_ins2,4.b,4.b,Matemātika,T020,A-405,2,9,,none,1,2,0,,
4.c_Dabaszinības_T038_gr1_ins1,4.c,4.c,Dabaszinības,T038,A-104,2,9,,none,1,1,0,,
5.b_Latviešu valoda_T032_gr1_ins5,5.b,5.b,Latviešu valoda,T032,A-307,2,9,,none,1,5,0,,
6.a_Vācu valoda_T024_gr1_ins3,6.a,6.a,Vācu valoda,T024,T-403,2,9,,none,1,3,0,,
7.a_Datorika_T016_gr1_ins1,7.a,7.a,Datorika,T016,T-301,2,9,,none,1,1,0,,
7.b_Literatūra_T001_gr1_ins1,7.b,7.b,Literatūra,T001,T-406,2,9,,none,1,1,0,,
7.c_Matemātika_T088_gr1_ins3,7.c,7.c,Matemātika,T088,T-504,2,9,,none,1,3,0,,
8.a_Datorika_T056_gr2_ins1,8.a,8.a,Datorika,T056,T-304,2,9,,none,2,1,0,,
8.b_Vācu valoda_T010_gr1_ins1,8.b,8.b,Vācu valoda,T010,T-305,2,9,,none,1,1,0,,
8.b_Vācu valoda_T090_gr2_ins2,8.b,8.b,Vācu valoda,T090,T-402,2,9,,none,2,2,0,,
9.a_Vēsture_T084_gr1_ins1,9.a,9.a,Vēsture,T084,T-307,2,9,,none,1,1,0,,
9.c_Ķīmija_T046_gr1_ins1,9.c,9.c,Ķīmija,T046,T-309,2,9,,none,1,1,0,,
v3_10.a-HUM+10.b-MAT_Latviešu valoda un literatūra I_stream2_T059_gr1_ins4,10.a-HUM,10.a-HUM+10.b-MAT,Latviešu valoda un literatūra I,T059,T-307,3,0,LAT_10,fixed_pair_partition,1,4,2,LAT_10,v3
v3_10.a-UZN+10.b-DAB_Vācu valoda akadēmiskiem nolūkiem_stream1_T010_gr1_ins2,10.a-UZN,10.a-UZN+10.b-DAB,Vācu valoda akadēmiskiem nolūkiem,T010,T-504,3,0,GERMANAK_10,fixed_pair_partition,1,2,1,GERMANAK_10,v3
v1_12.a-UZN+12.b-MAT_Matemātika II_stream1_T082_gr1_ins2,12.a-UZN,12.a-UZN+12.b-MAT,Matemātika II,T082,T-402,3,0,MATH_12,fixed_pair_partition,1,2,1,MATH_12,v1
2.b_Dabaszinības_T051_gr1_ins2,2.b,2.b,Dabaszinības,T051,A-405,3,0,,none,1,2,0,,
3.b_Matemātika_T072_gr1_ins5,3.b,3.b,Matemātika,T072,A-302,3,0,,none,1,5,0,,
3.c_Latviešu valoda_T004_gr1_ins1,3.c,3.c,Latviešu valoda,T004,A-304,3,0,,none,1,1,0,,
3.c_Latviešu valoda_T029_gr2_ins5,3.c,3.c,Latviešu valoda,T029,A-207,3,0,,none,2,5,0,,
4.a_Matemātika_T020_gr1_ins1,4.a,4.a,Matemātika,T020,A-104,3,0,,none,1,1,0,,
4.b_Latviešu valoda_T032_gr1_ins4,4.b,4.b,Latviešu valoda,T032,A-303-b,3,0,,none,1,4,0,,
4.b_Latviešu valoda_T083_gr2_ins5,4.b,4.b,Latviešu valoda,T083,A-303,3,0,,none,2,5,0,,
5.a_Angļu valoda_T018_gr1_ins1,5.a,5.a,Angļu valoda,T018,A-404,3,0,,none,1,1,0,,
5.b_Latviešu valoda_T035_gr2_ins4,5.b,5.b,Latviešu valoda,T035,A-403-b,3,0,,none,2,4,0,,
5.c_Angļu valoda_T080_gr2_ins2,5.c,5.c,Angļu valoda,T080,A-209,3,0,,none,2,2,0,,
6.a_Angļu valoda_T081_gr1_ins3,6.a,6.a,Angļu valoda,T081,T-303,3,0,,none,1,3,0,,
6.b_Dabaszinības_T038_gr1_ins1,6.b,6.b,Dabaszinības,T038,T-602,3,0,,none,1,1,0,,
6.c_Latviešu valoda_T041_gr2_ins1,6.c,6.c,Latviešu valoda,T041,T-302,3,0,,none,2,1,0,,
7.a_Fizika_T006_gr1_ins1,7.a,7.a,Fizika,T006,T-306,3,0,,none,1,1,0,,
7.b_Latviešu valoda_T037_gr2_ins3,7.b,7.b,Latviešu valoda,T037,T-403,3,0,,none,2,3,0,,
7.c_Sports un veselība_T040_gr1_ins1,7.c,7.c,Sports un veselība,T040,T-707,3,0,SPORT_7,optional_single_or_pair,1,1,0,,
8.b_Latviešu valoda_T048_gr1_ins3,8.b,8.b,Latviešu valoda,T048,T-409,3,0,,none,1,3,0,,
9.a_Matemātika_T003_gr1_ins5,9.a,9.a,Matemātika,T003,T-505,3,0,,none,1,5,0,,
9.c_Datorika_T016_gr1_ins2,9.c,9.c,Datorika,T016,T-304,3,0,,none,1,2,0,,
v3_10.a-HUM+10.b-MAT_Latviešu valoda un literatūra I_stream2_T059_gr1_ins2,10.a-HUM,10.a-HUM+10.b-MAT,Latviešu valoda un literatūra I,T059,T-501,3,1,LAT_10,fixed_pair_partition,1,2,2,LAT_10,v3
v2_10.a-UZN+10.b-DAB_Sociālās zinības un vēsture_stream1_T085_gr1_ins2,10.a-UZN,10.a-UZN+10.b-DAB,Sociālās zinības un vēsture,T085,T-504,3,1,SOC_10,fixed_pair_partition,1,2,1,SOC_10,v2
v1_11.a-HUM+11.b-DAB_Matemātika I_stream1_T082_gr1_ins2,11.a-HUM,11.a-HUM+11.b-DAB,Matemātika I,T082,T-402,3,1,MATH_11,fixed_pair_partition,1,2,1,MATH_11,v1
v1_11.a-UZN+11.b-MAT_Svešvaloda (angļu) I B2_stream2_T062_gr1_ins3,11.a-UZN,11.a-UZN+11.b-MAT,Svešvaloda (angļu) I B2,T062,T-707,3,1,ENG_11,fixed_pair_partition,1,3,2,ENG_11,v1
v1_12.a-HUM+12.a-UZN_Ģeogrāfija II_stream1_T087_gr1_ins4,12.a-HUM,12.a-HUM+12.a-UZN,Ģeogrāfija II,T087,T-605,3,1,GEO_12,fixed_pair_partition,1,4,1,GEO_12,v1
12.b-DAB_Ķīmija II_T046_gr1_ins2,12.b-DAB,12.b-DAB,Ķīmija II,T046,T-309,3,1,,none,1,2,0,,
12.b-MAT_Programmēšana II_T078_gr1_ins1,12.b-MAT,12.b-MAT,Programmēšana II,T078,T-301,3,1,,none,1,1,0,,
2.a_Latviešu valoda_T049_gr1_ins4,2.a,2.a,Latviešu valoda,T049,A-203,3,1,,none,1,4,0,,
2.a_Latviešu valoda_T096_gr2_ins6,2.a,2.a,Latviešu valoda,T096,A-110,3,1,,none,2,6,0,,
2.b_Matemātika_T051_gr1_ins5,2.b,2.b,Matemātika,T051,A-307,3,1,,none,1,5,0,,
3.a_Latviešu valoda_T004_gr1_ins4,3.a,3.a,Latviešu valoda,T004,A-204,3,1,,none,1,4,0,,
3.c_Sports un veselība (praktiskā)_T069_gr1_ins2,3.c,3.c,Sports un veselība (praktiskā),T069,A-sporta-zale,3,1,,none,1,2,0,,
4.b_Matemātika_T020_gr1_ins3,4.b,4.b,Matemātika,T020,A-209,3,1,,none,1,3,0,,
4.c_Angļu valoda_T060_gr1_ins3,4.c,4.c,Angļu valoda,T060,A-303-a,3,1,,none,1,3,0,,
4.c_Angļu valoda_T080_gr2_ins3,4.c,4.c,Angļu valoda,T080,A-308,3,1,,none,2,3,0,,
6.a_Latviešu valoda_T037_gr1_ins2,6.a,6.a,Latviešu valoda,T037,T-505,3,1,,none,1,2,0,,
6.a_Latviešu valoda_T041_gr2_ins4,6.a,6.a,Latviešu valoda,T041,T-108,3,1,,none,2,4,0,,
7.a_Vēsture_T084_gr1_ins2,7.a,7.a,Vēsture,T084,T-410,3,1,,none,1,2,0,,
7.c_Vācu valoda_T028_gr2_ins1,7.c,7.c,Vācu valoda,T028,T-406,3,1,,none,2,1,0,,
8.a_Vācu valoda_T010_gr1_ins1,8.a,8.a,Vācu valoda,T010,T-407,3,1,,none,1,1,0,,
8.a_Vācu valoda_T090_gr2_ins3,8.a,8.a,Vācu valoda,T090,T-207,3,1,,none,2,3,0,,
8.c_Datorika_T016_gr1_ins1,8.c,8.c,Datorika,T016,T-304,3,1,,none,1,1,0,,
9.a_Literatūra_T001_gr1_ins1,9.a,9.a,Literatūra,T001,T-705,3,1,,none,1,1,0,,
9.b_Latviešu valoda_T048_gr2_ins1,9.b,9.b,Latviešu valoda,T048,T-404,3,1,,none,2,1,0,,
v3_10.a-UZN+10.b-DAB_Latviešu valoda un literatūra I_stream1_T059_gr1_ins3,10.a-UZN,10.a-UZN+10.b-DAB,Latviešu valoda un literatūra I,T059,T-302,3,2,LAT_10,fixed_pair_partition,1,3,1,LAT_10,v3
v1_11.a-HUM+11.b-DAB_Svešvaloda (angļu) I B2_stream1_T062_gr1_ins3,11.a-HUM,11.a-HUM+11.b-DAB,Svešvaloda (angļu) I B2,T062,T-406,3,2,ENG_11,fixed_pair_partition,1,3,1,ENG_11,v1
11.a-UZN_Lietišķā angļu valoda_T089_gr1_ins2,11.a-UZN,11.a-UZN,Lietišķā angļu valoda,T089,T-307,3,2,,none,1,2,0,,
v1_12.a-UZN+12.b-MAT_Ekonomika_stream1_T047_gr1_ins1,12.a-UZN,12.a-UZN+12.b-MAT,Ekonomika,T047,T-306,3,2,ECON_12,fixed_pair_partition,1,1,1,ECON_12,v1
2.a_Dabaszinības_T051_gr1_ins1,2.a,2.a,Dabaszinības,T051,A-106,3,2,,none,1,1,0,,
2.b_Latviešu valoda_T096_gr2_ins4,2.b,2.b,Latviešu valoda,T096,A-204,3,2,,none,2,4,0,,
3.a_Dabaszinības_T072_gr1_ins2,3.a,3.a,Dabaszinības,T072,A-209,3,2,,none,1,2,0,,
3.b_Angļu valoda_T018_gr1_ins2,3.b,3.b,Angļu valoda,T018,A-308,3,2,,none,1,2,0,,
3.b_Angļu valoda_T064_gr2_ins3,3.b,3.b,Angļu valoda,T064,A-303,3,2,,none,2,3,0,,
3.c_Sports un veselība (praktiskā)_T069_gr1_ins1,3.c,3.c,Sports un veselība (praktiskā),T069,A-aktu-zale,3,2,,none,1,1,0,,
4.a_Latviešu valoda_T083_gr2_ins1,4.a,4.a,Latviešu valoda,T083,A-203,3,2,,none,2,1,0,,
4.c_Dizains un tehnoloģijas_T092_gr1_ins1,4.c,4.c,Dizains un tehnoloģijas,T092,A-206,3,2,,none,1,1,0,,
5.a_Latviešu valoda_T032_gr1_ins2,5.a,5.a,Latviešu valoda,T032,A-403,3,2,,none,1,2,0,,
5.a_Latviešu valoda_T035_gr2_ins3,5.a,5.a,Latviešu valoda,T035,A-403-b,3,2,,none,2,3,0,,
5.b_Matemātika_T020_gr1_ins1,5.b,5.b,Matemātika,T020,A-309,3,2,,none,1,1,0,,
5.c_Sociālās zinības un vēsture_T084_gr1_ins1,5.c,5.c,Sociālās zinības un vēsture,T084,A-302,3,2,,none,1,1,0,,
6.a_Dabaszinības_T038_gr1_ins2,6.a,6.a,Dabaszinības,T038,T-108,3,2,,none,1,2,0,,
6.c_Teātra māksla_T008_gr1_ins1,6.c,6.c,Teātra māksla,T008,T-705,3,2,,none,1,1,0,,
7.a_Dizains un tehnoloģijas_T016_gr1_ins1,7.a,7.a,Dizains un tehnoloģijas,T016,T-606,3,2,,none,1,1,0,,
7.c_Latviešu valoda_T001_gr1_ins1,7.c,7.c,Latviešu valoda,T001,T-401,3,2,,none,1,1,0,,
8.c_Vizuālā māksla_T066_gr1_ins1,8.c,8.c,Vizuālā māksla,T066,T-208,3,2,,none,1,1,0,,
9.a_Fizika_T077_gr1_ins1,9.a,9.a,Fizika,T077,T-506,3,2,,none,1,1,0,,
9.b_Ģeogrāfija_T087_gr1_ins1,9.b,9.b,Ģeogrāfija,T087,T-408,3,2,,none,1,1,0,,
1.b_Latviešu valoda_T004_gr1_ins6,1.b,1.b,Latviešu valoda,T004,A-304,3,3,,none,1,6,0,,
1.b_Latviešu valoda_T096_gr2_ins2,1.b,1.b,Latviešu valoda,T096,A-104,3,3,,none,2,2,0,,
v2_10.a-HUM+10.a-UZN_Fizika I_stream2_T077_gr1_ins3,10.a-HUM,10.a-HUM+10.a-UZN,Fizika I,T077,T-302,3,3,PHYS_10,fixed_pair_partition,1,3,2,PHYS_10,v2
v2_11.a-HUM+11.a-UZN_Ģeogrāfija I_stream2_T087_gr1_ins2,11.a-HUM,11.a-HUM+11.a-UZN,Ģeogrāfija I,T087,T-207,3,3,GEO_11,fixed_pair_partition,1,2,2,GEO_11,v2
v1_11.b-DAB+11.b-MAT_Kultūras pamati_stream1_T066_gr1_ins1,11.b-DAB,11.b-DAB+11.b-MAT,Kultūras pamati,T066,T-108,3,3,CULT_11,fixed_pair_partition,1,1,1,CULT_11,v1
v1_12.a-HUM+12.b-DAB_Svešvaloda (angļu) I B2_stream1_T062_gr1_ins2,12.a-HUM,12.a-HUM+12.b-DAB,Svešvaloda (angļu) I B2,T062,T-208,3,3,ENG_12,fixed_pair_partition,1,2,1,ENG_12,v1
v1_12.a-UZN+12.b-MAT_Latviešu valoda un literatūra I_stream2_T059_gr1_ins3,12.a-UZN,12.a-UZN+12.b-MAT,Latviešu valoda un literatūra I,T059,T-501,3,3,LAT_12,fixed_pair_partition,1,3,2,LAT_12,v1
2.b_Angļu valoda_T060_gr1_ins2,2.b,2.b,Angļu valoda,T060,A-303-a,3,3,,none,1,2,0,,
2.b_Angļu valoda_T081_gr2_ins1,2.b,2.b,Angļu valoda,T081,A-110,3,3,,none,2,1,0,,
3.a_Dizains un tehnoloģijas_T029_gr1_ins2,3.a,3.a,Dizains un tehnoloģijas,T029,A-206,3,3,,none,1,2,0,,
3.b_Sports un veselība (teorija)_T069_gr1_ins1,3.b,3.b,Sports un veselība (teorija),T069,A-203,3,3,,none,1,1,0,,
4.b_Literatūra_T032_gr1_ins1,4.b,4.b,Literatūra,T032,A-403,3,3,,none,1,1,0,,
5.a_Sports un veselība (praktiskā)_T040_gr1_ins2,5.a,5.a,Sports un veselība (praktiskā),T040,A-aktu-zale,3,3,,none,1,2,0,,
5.c_Vācu valoda_T024_gr1_ins2,5.c,5.c,Vācu valoda,T024,A-303,3,3,,none,1,2,0,,
6.a_Angļu valoda_T095_gr2_ins1,6.a,6.a,Angļu valoda,T095,T-407,3,3,,none,2,1,0,,
6.b_Sports un veselība (teorija)_T071_gr1_ins1,6.b,6.b,Sports un veselība (teorija),T071,T-306,3,3,,none,1,1,0,,
6.c_Latviešu valoda_T041_gr2_ins3,6.c,6.c,Latviešu valoda,T041,T-505,3,3,,none,2,3,0,,
7.a_Literatūra_T001_gr1_ins1,7.a,7.a,Literatūra,T001,T-603,3,3,,none,1,1,0,,
7.b_Angļu valoda_T053_gr1_ins3,7.b,7.b,Angļu valoda,T053,T-410,3,3,,none,1,3,0,,
7.c_Vācu valoda_T028_gr2_ins2,7.c,7.c,Vācu valoda,T028,T-402,3,3,,none,2,2,0,,
8.a_Matemātika_T088_gr1_ins4,8.a,8.a,Matemātika,T088,T-705,3,3,,none,1,4,0,,
8.b_Ķīmija_T036_gr1_ins2,8.b,8.b,Ķīmija,T036,T-309,3,3,,none,1,2,0,,
9.a_Datorika_T016_gr1_ins1,9.a,9.a,Datorika,T016,T-301,3,3,,none,1,1,0,,
9.a_Datorika_T019_gr2_ins2,9.a,9.a,Datorika,T019,T-304,3,3,,none,2,2,0,,
9.b_Sports un veselība (praktiskā)_T070_gr1_ins1,9.b,9.b,Sports un veselība (praktiskā),T070,T-sporta-zale,3,3,SPORT_9,optional_single_or_pair,1,1,0,,
9.c_Vācu valoda_T090_gr2_ins2,9.c,9.c,Vācu valoda,T090,T-606,3,3,,none,2,2,0,,
1.a_Latviešu valoda_T068_gr1_ins3,1.a,1.a,Latviešu valoda,T068,A-403-b,3,4,,none,1,3,0,,
1.b_Matemātika_T051_gr1_ins5,1.b,1.b,Matemātika,T051,A-105,3,4,,none,1,5,0,,
v3_10.a-HUM+10.b-MAT_Latviešu valoda un literatūra I_stream2_T059_gr1_ins1,10.a-HUM,10.a-HUM+10.b-MAT,Latviešu valoda un literatūra I,T059,T-410,3,4,LAT_10,fixed_pair_partition,1,1,2,LAT_10,v3
v3_10.b-DAB_Datorika_stream2_T056_gr1_ins2,10.b-DAB,10.b-DAB,Datorika,T056,T-301,3,4,DATORIKA_10,fixed_pair_partition,1,2,2,DATORIKA_10,v3
v1_11.a-HUM+11.b-DAB_Mazākumtautību valoda un literatūra_stream1_T076_gr1_ins2,11.a-HUM,11.a-HUM+11.b-DAB,Mazākumtautību valoda un literatūra,T076,T-402,3,4,RUS_11,fixed_pair_partition,1,2,1,RUS_11,v1
v1_11.a-UZN+11.b-MAT_Matemātika I_stream2_T082_gr1_ins5,11.a-UZN,11.a-UZN+11.b-MAT,Matemātika I,T082,T-108,3,4,MATH_11,fixed_pair_partition,1,5,2,MATH_11,v1
v1_12.a-HUM+12.a-UZN_Svešvaloda (angļu) II C1_stream1_T062_gr1_ins5,12.a-HUM,12.a-HUM+12.a-UZN,Svešvaloda (angļu) II C1,T062,T-705,3,4,ENG2_12,fixed_pair_partition,1,5,1,ENG2_12,v1
12.b-DAB_Ķīmija II_T046_gr1_ins5,12.b-DAB,12.b-DAB,Ķīmija II,T046,T-309,3,4,,none,1,5,0,,
2.a_Latviešu valoda_T049_gr1_ins5,2.a,2.a,Latviešu valoda,T049,A-106,3,4,,none,1,5,0,,
2.c_Latviešu valoda_T096_gr2_ins6,2.c,2.c,Latviešu valoda,T096,A-304,3,4,,none,2,6,0,,
3.a_Latviešu valoda_T004_gr1_ins5,3.a,3.a,Latviešu valoda,T004,A-402,3,4,,none,1,5,0,,
3.a_Latviešu valoda_T029_gr2_ins3,3.a,3.a,Latviešu valoda,T029,A-303,3,4,,none,2,3,0,,
3.c_Vizuālā māksla_T066_gr1_ins1,3.c,3.c,Vizuālā māksla,T066,A-203,3,4,,none,1,1,0,,
4.a_Latviešu valoda_T032_gr1_ins4,4.a,4.a,Latviešu valoda,T032,A-104,3,4,,none,1,4,0,,
4.a_Latviešu valoda_T083_gr2_ins3,4.a,4.a,Latviešu valoda,T083,A-209,3,4,,none,2,3,0,,
4.c_Sociālās zinības un vēsture_T084_gr1_ins1,4.c,4.c,Sociālās zinības un vēsture,T084,A-205,3,4,,none,1,1,0,,
5.b_Mūzika_T067_gr1_ins1,5.b,5.b,Mūzika,T067,A-308,3,4,,none,1,1,0,,
5.c_Latviešu valoda_T035_gr1_ins5,5.c,5.c,Latviešu valoda,T035,A-207,3,4,,none,1,5,0,,
6.a_Literatūra_T037_gr1_ins1,6.a,6.a,Literatūra,T037,T-406,3,4,,none,1,1,0,,
6.c_Vācu valoda_T024_gr1_ins2,6.c,6.c,Vācu valoda,T024,T-602,3,4,,none,1,2,0,,
6.c_Vācu valoda_T025_gr2_ins3,6.c,6.c,Vācu valoda,T025,T-403,3,4,,none,2,3,0,,
7.b_Fizika_T006_gr1_ins1,7.b,7.b,Fizika,T006,T-408,3,4,,none,1,1,0,,
8.a_Dizains un tehnoloģijas_T016_gr1_ins1,8.a,8.a,Dizains un tehnoloģijas,T016,T-305,3,4,,none,1,1,0,,
8.b_Latviešu valoda_T048_gr1_ins1,8.b,8.b,Latviešu valoda,T048,T-407,3,4,,none,1,1,0,,
8.c_Angļu valoda_T007_gr1_ins1,8.c,8.c,Angļu valoda,T007,T-506,3,4,,none,1,1,0,,
8.c_Angļu valoda_T053_gr2_ins2,8.c,8.c,Angļu valoda,T053,T-501,3,4,,none,2,2,0,,
9.b_Sports un veselība (praktiskā)_T070_gr1_ins2,9.b,9.b,Sports un veselība (praktiskā),T070,T-sporta-zale,3,4,SPORT_9,optional_single_or_pair,1,2,0,,
9.c_Datorika_T019_gr2_ins1,9.c,9.c,Datorika,T019,T-304,3,4,,none,2,1,0,,
1.a_Latviešu valoda_T068_gr2_ins3,1.a,1.a,Latviešu valoda,T068,A-402,3,5,,none,2,3,0,,
v1_10.a-HUM+10.b-DAB_Mazākumtautību valoda un literatūra_stream1_T075_gr1_ins1,10.a-HUM,10.a-HUM+10.b-DAB,Mazākumtautību valoda un literatūra,T075,T-408,3,5,RUS_10,fixed_pair_partition,1,1,1,RUS_10,v1
v1_10.a-UZN+10.b-MAT_Svešvaloda (angļu) I B2_stream2_T053_gr1_ins4,10.a-UZN,10.a-UZN+10.b-MAT,Svešvaloda (angļu) I B2,T053,T-603,3,5,ENG_10,fixed_pair_partition,1,4,2,ENG_10,v1
v1_11.b-DAB+11.b-MAT_Kultūras pamati_stream1_T066_gr1_ins3,11.b-DAB,11.b-DAB+11.b-MAT,Kultūras pamati,T066,T-605,3,5,CULT_11,fixed_pair_partition,1,3,1,CULT_11,v1
v1_12.a-HUM+12.b-DAB_Svešvaloda (angļu) I B2_stream1_T062_gr1_ins3,12.a-HUM,12.a-HUM+12.b-DAB,Svešvaloda (angļu) I B2,T062,T-602,3,5,ENG_12,fixed_pair_partition,1,3,1,ENG_12,v1
v1_12.a-UZN+12.b-MAT_Matemātika II_stream1_T082_gr1_ins1,12.a-UZN,12.a-UZN+12.b-MAT,Matemātika II,T082,T-410,3,5,MATH_12,fixed_pair_partition,1,1,1,MATH_12,v1
2.a_Latviešu valoda_T049_gr1_ins1,2.a,2.a,Latviešu valoda,T049,A-203,3,5,,none,1,1,0,,
2.a_Latviešu valoda_T096_gr2_ins1,2.a,2.a,Latviešu valoda,T096,A-304,3,5,,none,2,1,0,,
2.c_Dabaszinības_T051_gr1_ins1,2.c,2.c,Dabaszinības,T051,A-405,3,5,,none,1,1,0,,
3.a_Latviešu valoda_T029_gr2_ins4,3.a,3.a,Latviešu valoda,T029,A-105,3,5,,none,2,4,0,,
4.b_Dabaszinības_T038_gr1_ins1,4.b,4.b,Dabaszinības,T038,A-208,3,5,,none,1,1,0,,
4.c_Matemātika_T020_gr1_ins4,4.c,4.c,Matemātika,T020,A-207,3,5,,none,1,4,0,,
5.a_Latviešu valoda_T032_gr1_ins4,5.a,5.a,Latviešu valoda,T032,A-403,3,5,,none,1,4,0,,
5.a_Latviešu valoda_T035_gr2_ins1,5.a,5.a,Latviešu valoda,T035,A-206,3,5,,none,2,1,0,,
5.c_Angļu valoda_T018_gr1_ins2,5.c,5.c,Angļu valoda,T018,A-204,3,5,,none,1,2,0,,
5.c_Angļu valoda_T080_gr2_ins1,5.c,5.c,Angļu valoda,T080,A-309,3,5,,none,2,1,0,,
6.b_Latviešu valoda_T037_gr1_ins1,6.b,6.b,Latviešu valoda,T037,T-306,3,5,,none,1,1,0,,
6.b_Latviešu valoda_T097_gr2_ins4,6.b,6.b,Latviešu valoda,T097,T-501,3,5,,none,2,4,0,,
6.c_Sports un veselība (teorija)_T071_gr1_ins1,6.c,6.c,Sports un veselība (teorija),T071,T-505,3,5,,none,1,1,0,,
7.a_Latviešu valoda_T001_gr1_ins2,7.a,7.a,Latviešu valoda,T001,T-707,3,5,,none,1,2,0,,
7.a_Latviešu valoda_T059_gr2_ins1,7.a,7.a,Latviešu valoda,T059,T-302,3,5,,none,2,1,0,,
7.b_Sports un veselība_T040_gr1_ins1,7.b,7.b,Sports un veselība,T040,T-506,3,5,SPORT_7,optional_single_or_pair,1,1,0,,
7.c_Vēsture_T084_gr1_ins2,7.c,7.c,Vēsture,T084,T-307,3,5,,none,1,2,0,,
8.a_Ķīmija_T036_gr1_ins2,8.a,8.a,Ķīmija,T036,T-309,3,5,,none,1,2,0,,
8.b_Matemātika_T088_gr1_ins3,8.b,8.b,Matemātika,T088,T-705,3,5,,none,1,3,0,,
9.a_Ģeogrāfija_T087_gr1_ins1,9.a,9.a,Ģeogrāfija,T087,T-305,3,5,,none,1,1,0,,
9.b_Vācu valoda_T025_gr1_ins1,9.b,9.b,Vācu valoda,T025,T-403,3,5,,none,1,1,0,,
9.b_Vācu valoda_T090_gr2_ins2,9.b,9.b,Vācu valoda,T090,T-208,3,5,,none,2,2,0,,
9.c_Datorika_T016_gr1_ins1,9.c,9.c,Datorika,T016,T-301,3,5,,none,1,1,0,,
9.c_Datorika_T019_gr2_ins2,9.c,9.c,Datorika,T019,T-304,3,5,,none,2,2,0,,
1.a_Vizuālā māksla_T043_gr1_ins1,1.a,1.a,Vizuālā māksla,T043,A-402,3,6,,none,1,1,0,,
1.b_Angļu valoda_T064_gr2_ins2,1.b,1.b,Angļu valoda,T064,A-106,3,6,,none,2,2,0,,
v1_10.a-HUM+10.b-DAB_Svešvaloda (angļu) I B2_stream1_T053_gr1_ins3,10.a-HUM,10.a-HUM+10.b-DAB,Svešvaloda (angļu) I B2,T053,T-410,3,6,ENG_10,fixed_pair_partition,1,3,1,ENG_10,v1
v1_10.a-UZN+10.b-MAT_Ķīmija I_stream2_T046_gr1_ins3,10.a-UZN,10.a-UZN+10.b-MAT,Ķīmija I,T046,T-309,3,6,CHEM_10,fixed_pair_partition,1,3,2,CHEM_10,v1
v3_11.a-HUM+11.b-MAT_Latviešu valoda un literatūra I_stream2_T059_gr1_ins3,11.a-HUM,11.a-HUM+11.b-MAT,Latviešu valoda un literatūra I,T059,T-307,3,6,LAT_11,fixed_pair_partition,1,3,2,LAT_11,v3
11.a-UZN_Lietišķā angļu valoda_T089_gr1_ins1,11.a-UZN,11.a-UZN,Lietišķā angļu valoda,T089,T-207,3,6,,none,1,1,0,,
v1_12.a-UZN+12.b-MAT_Sports un veselība (teorija)_stream2_T040_gr1_ins1,12.a-UZN,12.a-UZN+12.b-MAT,Sports un veselība (teorija),T040,T-208,3,6,SPORTT_12,fixed_pair_partition,1,1,2,SPORTT_12,v1
2.b_Matemātika_T051_gr1_ins1,2.b,2.b,Matemātika,T051,A-207,3,6,,none,1,1,0,,
2.c_Mūzika_T026_gr1_ins2,2.c,2.c,Mūzika,T026,A-203,3,6,,none,1,2,0,,
3.b_Dabaszinības_T072_gr1_ins2,3.b,3.b,Dabaszinības,T072,A-205,3,6,,none,1,2,0,,
4.a_Latviešu valoda_T032_gr1_ins2,4.a,4.a,Latviešu valoda,T032,A-208,3,6,,none,1,2,0,,
4.c_Dabaszinības_T038_gr1_ins2,4.c,4.c,Dabaszinības,T038,A-309,3,6,,none,1,2,0,,
5.a_Matemātika_T020_gr1_ins2,5.a,5.a,Matemātika,T020,A-204,3,6,,none,1,2,0,,
5.c_Latviešu valoda_T035_gr1_ins1,5.c,5.c,Latviešu valoda,T035,A-303-a,3,6,,none,1,1,0,,
5.c_Latviešu valoda_T083_gr2_ins3,5.c,5.c,Latviešu valoda,T083,A-209,3,6,,none,2,3,0,,
6.b_Angļu valoda_T081_gr1_ins2,6.b,6.b,Angļu valoda,T081,T-601,3,6,,none,1,2,0,,
6.b_Angļu valoda_T095_gr2_ins3,6.b,6.b,Angļu valoda,T095,T-108,3,6,,none,2,3,0,,
6.c_Sports un veselība (praktiskā)_T071_gr1_ins2,6.c,6.c,Sports un veselība (praktiskā),T071,T-sporta-zale,3,6,SPORT_6,optional_single_or_pair,1,2,0,,
7.a_Mūzika_T050_gr1_ins1,7.a,7.a,Mūzika,T050,T-504,3,6,,none,1,1,0,,
7.b_Sociālās zinības_T084_gr1_ins1,7.b,7.b,Sociālās zinības,T084,T-407,3,6,,none,1,1,0,,
7.c_Bioloģija_T023_gr1_ins2,7.c,7.c,Bioloģija,T023,T-306,3,6,,none,1,2,0,,
8.a_Latviešu valoda_T048_gr1_ins1,8.a,8.a,Latviešu valoda,T048,T-605,3,6,,none,1,1,0,,
8.b_Ģeogrāfija_T087_gr1_ins2,8.b,8.b,Ģeogrāfija,T087,T-501,3,6,,none,1,2,0,,
8.c_Datorika_T058_gr2_ins1,8.c,8.c,Datorika,T058,T-304,3,6,,none,2,1,0,,
9.b_Matemātika_T012_gr1_ins1,9.b,9.b,Matemātika,T012,T-506,3,6,,none,1,1,0,,
9.c_Vācu valoda_T025_gr1_ins1,9.c,9.c,Vācu valoda,T025,T-408,3,6,,none,1,1,0,,
9.c_Vācu valoda_T090_gr2_ins3,9.c,9.c,Vācu valoda,T090,T-305,3,6,,none,2,3,0,,
1.a_Sports un veselība_T069_gr1_ins1,1.a,1.a,Sports un veselība,T069,A-206,3,7,,none,1,1,0,,
v1_10.a-HUM+10.b-DAB_Matemātika I_stream1_T082_gr1_ins2,10.a-HUM,10.a-HUM+10.b-DAB,Matemātika I,T082,T-402,3,7,MATH_10,fixed_pair_partition,1,2,1,MATH_10,v1
10.b-MAT_Programmēšana I_T045_gr1_ins1,10.b-MAT,10.b-MAT,Programmēšana I,T045,T-301,3,7,,none,1,1,0,,
v3_11.a-HUM+11.b-MAT_Fizika I_stream2_T077_gr1_ins2,11.a-HUM,11.a-HUM+11.b-MAT,Fizika I,T077,T-707,3,7,PHYS_11,fixed_pair_partition,1,2,2,PHYS_11,v3
v3_11.a-UZN+11.b-DAB_Vācu valoda akadēmiskiem nolūkiem_stream1_T010_gr1_ins2,11.a-UZN,11.a-UZN+11.b-DAB,Vācu valoda akadēmiskiem nolūkiem,T010,T-501,3,7,GERMANAK_11,fixed_pair_partition,1,2,1,GERMANAK_11,v3
v1_12.a-HUM+12.b-DAB_Latviešu valoda un literatūra I_stream1_T059_gr1_ins2,12.a-HUM,12.a-HUM+12.b-DAB,Latviešu valoda un literatūra I,T059,T-302,3,7,LAT_12,fixed_pair_partition,1,2,1,LAT_12,v1
2.c_Sports un veselība (teorija)_T044_gr1_ins1,2.c,2.c,Sports un veselība (teorija),T044,A-404,3,7,,none,1,1,0,,
3.a_Latviešu valoda_T004_gr1_ins1,3.a,3.a,Latviešu valoda,T004,A-204,3,7,,none,1,1,0,,
3.a_Latviešu valoda_T029_gr2_ins1,3.a,3.a,Latviešu valoda,T029,A-205,3,7,,none,2,1,0,,
3.c_Matemātika_T072_gr1_ins2,3.c,3.c,Matemātika,T072,A-304,3,7,,none,1,2,0,,
5.a_Vācu valoda_T024_gr1_ins1,5.a,5.a,Vācu valoda,T024,A-302,3,7,,none,1,1,0,,
5.b_Matemātika_T020_gr1_ins3,5.b,5.b,Matemātika,T020,A-403,3,7,,none,1,3,0,,
6.a_Latviešu valoda_T037_gr1_ins4,6.a,6.a,Latviešu valoda,T037,T-602,3,7,,none,1,4,0,,
6.a_Latviešu valoda_T041_gr2_ins3,6.a,6.a,Latviešu valoda,T041,T-306,3,7,,none,2,3,0,,
6.b_Vizuālā māksla_T066_gr1_ins1,6.b,6.b,Vizuālā māksla,T066,T-305,3,7,,none,1,1,0,,
7.b_Angļu valoda_T053_gr1_ins1,7.b,7.b,Angļu valoda,T053,T-407,3,7,,none,1,1,0,,
7.b_Angļu valoda_T095_gr2_ins1,7.b,7.b,Angļu valoda,T095,T-405,3,7,,none,2,1,0,,
8.a_Mūzika_T050_gr1_ins1,8.a,8.a,Mūzika,T050,T-208,3,7,,none,1,1,0,,
8.b_Ģeogrāfija_T087_gr1_ins1,8.b,8.b,Ģeogrāfija,T087,T-606,3,7,,none,1,1,0,,
8.c_Vēsture_T084_gr1_ins1,8.c,8.c,Vēsture,T084,T-603,3,7,,none,1,1,0,,
9.a_Latviešu valoda_T001_gr1_ins3,9.a,9.a,Latviešu valoda,T001,T-403,3,7,,none,1,3,0,,
9.a_Latviešu valoda_T048_gr2_ins2,9.a,9.a,Latviešu valoda,T048,T-601,3,7,,none,2,2,0,,
9.b_Sports un veselība (teorija)_T070_gr1_ins1,9.b,9.b,Sports un veselība (teorija),T070,T-409,3,7,,none,1,1,0,,
9.c_Sports un veselība (praktiskā)_T040_gr1_ins1,9.c,9.c,Sports un veselība (praktiskā),T040,T-sporta-zale,3,7,SPORT_9,optional_single_or_pair,1,1,0,,
1.a_Dizains un tehnoloģijas_T092_gr1_ins1,1.a,1.a,Dizains un tehnoloģijas,T092,A-307,3,8,,none,1,1,0,,
1.b_Mūzika_T026_gr1_ins1,1.b,1.b,Mūzika,T026,A-204,3,8,,none,1,1,0,,
v1_10.a-HUM+10.b-DAB_Matemātika I_stream1_T082_gr1_ins4,10.a-HUM,10.a-HUM+10.b-DAB,Matemātika I,T082,T-402,3,8,MATH_10,fixed_pair_partition,1,4,1,MATH_10,v1
v2_10.b-MAT_Sociālās zinības un vēsture_stream2_T085_gr1_ins1,10.b-MAT,10.b-MAT,Sociālās zinības un vēsture,T085,T-405,3,8,SOC_10,fixed_pair_partition,1,1,2,SOC_10,v2
v2_11.a-HUM+11.a-UZN_Ģeogrāfija I_stream2_T087_gr1_ins3,11.a-HUM,11.a-HUM+11.a-UZN,Ģeogrāfija I,T087,T-605,3,8,GEO_11,fixed_pair_partition,1,3,2,GEO_11,v2
11.b-MAT_Programmēšana I_T045_gr1_ins2,11.b-MAT,11.b-MAT,Programmēšana I,T045,T-301,3,8,,none,1,2,0,,
"12.a-HUM+12.a-UZN+12.b-DAB+12.b-MAT_Svešvaloda (otrā, vācu) I B1_T010_gr1_ins3",12.a-HUM,12.a-HUM+12.a-UZN+12.b-DAB+12.b-MAT,"Svešvaloda (otrā, vācu) I B1",T010,T-303,3,8,GERMAN_12_ALL,forced_parallel_groups,1,3,0,,
"12.a-HUM+12.a-UZN+12.b-DAB+12.b-MAT_Svešvaloda (otrā, vācu) I B1_T024_gr2_ins3",12.a-HUM,12.a-HUM+12.a-UZN+12.b-DAB+12.b-MAT,"Svešvaloda (otrā, vācu) I B1",T024,T-108,3,8,GERMAN_12_ALL,forced_parallel_groups,2,3,0,,
"12.a-HUM+12.a-UZN+12.b-DAB+12.b-MAT_Svešvaloda (otrā, vācu) I B1_T025_gr3_ins3",12.a-HUM,12.a-HUM+12.a-UZN+12.b-DAB+12.b-MAT,"Svešvaloda (otrā, vācu) I B1",T025,T-501,3,8,GERMAN_12_ALL,forced_parallel_groups,3,3,0,,
"12.a-HUM+12.a-UZN+12.b-DAB+12.b-MAT_Svešvaloda (otrā, vācu) I B1_T033_gr4_ins3",12.a-HUM,12.a-HUM+12.a-UZN+12.b-DAB+12.b-MAT,"Svešvaloda (otrā, vācu) I B1",T033,T-410,3,8,GERMAN_12_ALL,forced_parallel_groups,4,3,0,,
2.a_Matemātika_T051_gr1_ins1,2.a,2.a,Matemātika,T051,A-304,3,8,,none,1,1,0,,
2.c_Sports un veselība (praktiskā)_T044_gr1_ins2,2.c,2.c,Sports un veselība (praktiskā),T044,A-aktu-zale,3,8,,none,1,2,0,,
4.a_Sociālās zinības un vēsture_T084_gr1_ins2,4.a,4.a,Sociālās zinības un vēsture,T084,A-402,3,8,,none,1,2,0,,
4.b_Latviešu valoda_T032_gr1_ins3,4.b,4.b,Latviešu valoda,T032,A-303,3,8,,none,1,3,0,,
4.c_Latviešu valoda_T035_gr1_ins2,4.c,4.c,Latviešu valoda,T035,A-403,3,8,,none,1,2,0,,
4.c_Latviešu valoda_T049_gr2_ins1,4.c,4.c,Latviešu valoda,T049,A-205,3,8,,none,2,1,0,,
5.a_Dabaszinības_T038_gr1_ins2,5.a,5.a,Dabaszinības,T038,A-104,3,8,,none,1,2,0,,
5.b_Dizains un tehnoloģijas_T016_gr1_ins1,5.b,5.b,Dizains un tehnoloģijas,T016,A-404,3,8,,none,1,1,0,,
6.a_Vācu valoda_T028_gr2_ins1,6.a,6.a,Vācu valoda,T028,T-602,3,8,,none,2,1,0,,
6.c_Matemātika_T003_gr1_ins5,6.c,6.c,Matemātika,T003,T-406,3,8,,none,1,5,0,,
7.a_Latviešu valoda_T059_gr2_ins2,7.a,7.a,Latviešu valoda,T059,T-305,3,8,,none,2,2,0,,
7.b_Matemātika_T055_gr1_ins2,7.b,7.b,Matemātika,T055,T-606,3,8,,none,1,2,0,,
7.c_Sports un veselība_T040_gr1_ins2,7.c,7.c,Sports un veselība,T040,T-sporta-zale,3,8,SPORT_7,optional_single_or_pair,1,2,0,,
8.a_Vācu valoda_T090_gr2_ins2,8.a,8.a,Vācu valoda,T090,T-705,3,8,,none,2,2,0,,
8.b_Matemātika_T088_gr1_ins4,8.b,8.b,Matemātika,T088,T-505,3,8,,none,1,4,0,,
8.c_Fizika_T077_gr1_ins1,8.c,8.c,Fizika,T077,T-208,3,8,,none,1,1,0,,
9.b_Inženierzinības_T019_gr1_ins1,9.b,9.b,Inženierzinības,T019,T-302,3,8,,none,1,1,0,,
9.c_Latviešu valoda_T048_gr2_ins2,9.c,9.c,Latviešu valoda,T048,T-601,3,8,,none,2,2,0,,
1.a_Latviešu valoda_T068_gr1_ins6,1.a,1.a,Latviešu valoda,T068,A-307,3,9,,none,1,6,0,,
1.b_Matemātika_T051_gr1_ins4,1.b,1.b,Matemātika,T051,A-304,3,9,,none,1,4,0,,
v1_10.a-HUM+10.b-DAB_Matemātika I_stream1_T082_gr1_ins3,10.a-HUM,10.a-HUM+10.b-DAB,Matemātika I,T082,T-302,3,9,MATH_10,fixed_pair_partition,1,3,1,MATH_10,v1
v3_11.a-HUM+11.b-MAT_Sports un veselība (teorija)_stream2_T040_gr1_ins1,11.a-HUM,11.a-HUM+11.b-MAT,Sports un veselība (teorija),T040,T-705,3,9,SPORTT_11,fixed_pair_partition,1,1,2,SPORTT_11,v3
v1_12.a-HUM+12.b-DAB_Mazākumtautību valoda un literatūra_stream1_T076_gr1_ins1,12.a-HUM,12.a-HUM+12.b-DAB,Mazākumtautību valoda un literatūra,T076,T-501,3,9,RUS_12,fixed_pair_partition,1,1,1,RUS_12,v1
12.b-MAT_Programmēšana II_T078_gr1_ins2,12.b-MAT,12.b-MAT,Programmēšana II,T078,T-304,3,9,,none,1,2,0,,
2.a_Vizuālā māksla_T043_gr1_ins1,2.a,2.a,Vizuālā māksla,T043,A-208,3,9,,none,1,1,0,,
2.c_Latviešu valoda_T049_gr1_ins1,2.c,2.c,Latviešu valoda,T049,A-105,3,9,,none,1,1,0,,
3.c_Matemātika_T072_gr1_ins3,3.c,3.c,Matemātika,T072,A-205,3,9,,none,1,3,0,,
4.a_Matemātika_T020_gr1_ins4,4.a,4.a,Matemātika,T020,A-403,3,9,,none,1,4,0,,
4.b_Angļu valoda_T060_gr1_ins2,4.b,4.b,Angļu valoda,T060,A-405,3,9,,none,1,2,0,,
4.b_Angļu valoda_T080_gr2_ins1,4.b,4.b,Angļu valoda,T080,A-206,3,9,,none,2,1,0,,
5.b_Datorika_T016_gr2_ins1,5.b,5.b,Datorika,T016,A-305,3,9,,none,2,1,0,,
5.c_Dabaszinības_T038_gr1_ins2,5.c,5.c,Dabaszinības,T038,A-402,3,9,,none,1,2,0,,
6.b_Latviešu valoda_T097_gr2_ins3,6.b,6.b,Latviešu valoda,T097,T-605,3,9,,none,2,3,0,,
7.a_Matemātika_T055_gr1_ins4,7.a,7.a,Matemātika,T055,T-108,3,9,,none,1,4,0,,
7.c_Vizuālā māksla_T066_gr1_ins2,7.c,7.c,Vizuālā māksla,T066,T-707,3,9,,none,1,2,0,,
8.a_Latviešu valoda_T048_gr1_ins3,8.a,8.a,Latviešu valoda,T048,T-406,3,9,,none,1,3,0,,
8.b_Sociālās zinības_T084_gr1_ins1,8.b,8.b,Sociālās zinības,T084,T-407,3,9,,none,1,1,0,,
8.c_Mūzika_T050_gr1_ins1,8.c,8.c,Mūzika,T050,T-307,3,9,,none,1,1,0,,
9.a_Angļu valoda_T007_gr1_ins2,9.a,9.a,Angļu valoda,T007,T-408,3,9,,none,1,2,0,,
9.a_Angļu valoda_T079_gr2_ins3,9.a,9.a,Angļu valoda,T079,T-603,3,9,,none,2,3,0,,
9.c_Latviešu valoda_T001_gr1_ins1,9.c,9.c,Latviešu valoda,T001,T-405,3,9,,none,1,1,0,,
1.a_Mūzika_T026_gr1_ins2,1.a,1.a,Mūzika,T026,A-203,4,0,,none,1,2,0,,
1.b_Latviešu valoda_T096_gr2_ins3,1.b,1.b,Latviešu valoda,T096,A-303-a,4,0,,none,2,3,0,,
v2_10.b-DAB+10.b-MAT_Bioloģija I_stream1_T005_gr1_ins1,10.b-DAB,10.b-DAB+10.b-MAT,Bioloģija I,T005,T-606,4,0,BIO_10,fixed_pair_partition,1,1,1,BIO_10,v2
v2_11.b-DAB+11.b-MAT_Ģeogrāfija I_stream1_T087_gr1_ins2,11.b-DAB,11.b-DAB+11.b-MAT,Ģeogrāfija I,T087,T-410,4,0,GEO_11,fixed_pair_partition,1,2,1,GEO_11,v2
12.a-HUM+12.a-UZN+12.b-DAB+12.b-MAT_Sports un veselība (praktiskā)_T040_gr1_ins2,12.a-HUM,12.a-HUM+12.a-UZN+12.b-DAB+12.b-MAT,Sports un veselība (praktiskā),T040,T-sporta-zale,4,0,SPORT_12_ALL,forced_parallel_groups,1,2,0,,
2.c_Matemātika_T051_gr1_ins4,2.c,2.c,Matemātika,T051,A-205,4,0,,none,1,4,0,,
3.a_Matemātika_T072_gr1_ins4,3.a,3.a,Matemātika,T072,A-104,4,0,,none,1,4,0,,
3.b_Latviešu valoda_T004_gr1_ins2,3.b,3.b,Latviešu valoda,T004,A-309,4,0,,none,1,2,0,,
3.b_Latviešu valoda_T029_gr2_ins3,3.b,3.b,Latviešu valoda,T029,A-204,4,0,,none,2,3,0,,
4.a_Latviešu valoda_T032_gr1_ins3,4.a,4.a,Latviešu valoda,T032,A-404,4,0,,none,1,3,0,,
4.a_Latviešu valoda_T083_gr2_ins5,4.a,4.a,Latviešu valoda,T083,A-403,4,0,,none,2,5,0,,
4.b_Matemātika_T020_gr1_ins1,4.b,4.b,Matemātika,T020,A-304,4,0,,none,1,1,0,,
4.c_Latviešu valoda_T049_gr2_ins4,4.c,4.c,Latviešu valoda,T049,A-208,4,0,,none,2,4,0,,
5.c_Literatūra_T035_gr1_ins1,5.c,5.c,Literatūra,T035,A-207,4,0,,none,1,1,0,,
6.a_Datorika_T016_gr1_ins1,6.a,6.a,Datorika,T016,T-304,4,0,,none,1,1,0,,
6.b_Angļu valoda_T081_gr1_ins3,6.b,6.b,Angļu valoda,T081,T-601,4,0,,none,1,3,0,,
7.a_Bioloģija_T023_gr1_ins2,7.a,7.a,Bioloģija,T023,T-307,4,0,,none,1,2,0,,
7.c_Vācu valoda_T024_gr1_ins3,7.c,7.c,Vācu valoda,T024,T-108,4,0,,none,1,3,0,,
7.c_Vācu valoda_T028_gr2_ins3,7.c,7.c,Vācu valoda,T028,T-401,4,0,,none,2,3,0,,
8.a_Matemātika_T088_gr1_ins2,8.a,8.a,Matemātika,T088,T-402,4,0,,none,1,2,0,,
8.b_Literatūra_T048_gr1_ins1,8.b,8.b,Literatūra,T048,T-208,4,0,,none,1,1,0,,
8.c_Vēsture_T084_gr1_ins2,8.c,8.c,Vēsture,T084,T-306,4,0,,none,1,2,0,,
9.a_Datorika_T019_gr2_ins1,9.a,9.a,Datorika,T019,T-301,4,0,,none,2,1,0,,
1.a_Matemātika_T051_gr1_ins2,1.a,1.a,Matemātika,T051,A-307,4,1,,none,1,2,0,,
1.b_Latviešu valoda_T004_gr1_ins1,1.b,1.b,Latviešu valoda,T004,A-309,4,1,,none,1,1,0,,
v3_10.a-HUM+10.a-UZN_Datorika_stream1_T056_gr1_ins1,10.a-HUM,10.a-HUM+10.a-UZN,Datorika,T056,T-304,4,1,DATORIKA_10,fixed_pair_partition,1,1,1,DATORIKA_10,v3
v1_11.a-UZN+11.b-MAT_Matemātika I_stream2_T082_gr1_ins3,11.a-UZN,11.a-UZN+11.b-MAT,Matemātika I,T082,T-306,4,1,MATH_11,fixed_pair_partition,1,3,2,MATH_11,v1
v3_12.a-UZN+12.b-DAB_Vācu valoda akadēmiskiem nolūkiem_stream1_T010_gr1_ins2,12.a-UZN,12.a-UZN+12.b-DAB,Vācu valoda akadēmiskiem nolūkiem,T010,T-108,4,1,GERMANAK_12,fixed_pair_partition,1,2,1,GERMANAK_12,v3
2.a_Latviešu valoda_T096_gr2_ins5,2.a,2.a,Latviešu valoda,T096,A-303-b,4,1,,none,2,5,0,,
2.c_Angļu valoda_T060_gr1_ins2,2.c,2.c,Angļu valoda,T060,A-303-a,4,1,,none,1,2,0,,
3.b_Dabaszinības_T072_gr1_ins1,3.b,3.b,Dabaszinības,T072,A-110,4,1,,none,1,1,0,,
4.a_Datorika_T019_gr1_ins1,4.a,4.a,Datorika,T019,A-305,4,1,,none,1,1,0,,
4.b_Sports un veselība (praktiskā)_T069_gr1_ins2,4.b,4.b,Sports un veselība (praktiskā),T069,A-sporta-zale,4,1,,none,1,2,0,,
4.c_Matemātika_T020_gr1_ins2,4.c,4.c,Matemātika,T020,A-205,4,1,,none,1,2,0,,
5.b_Literatūra_T032_gr1_ins2,5.b,5.b,Literatūra,T032,A-106,4,1,,none,1,2,0,,
6.a_Vācu valoda_T024_gr1_ins1,6.a,6.a,Vācu valoda,T024,T-407,4,1,,none,1,1,0,,
6.b_Dizains un tehnoloģijas_T016_gr1_ins1,6.b,6.b,Dizains un tehnoloģijas,T016,T-504,4,1,,none,1,1,0,,
7.a_Matemātika_T055_gr1_ins3,7.a,7.a,Matemātika,T055,T-605,4,1,,none,1,3,0,,
7.b_Latviešu valoda_T001_gr1_ins2,7.b,7.b,Latviešu valoda,T001,T-404,4,1,,none,1,2,0,,
7.b_Latviešu valoda_T037_gr2_ins1,7.b,7.b,Latviešu valoda,T037,T-402,4,1,,none,2,1,0,,
7.c_Angļu valoda_T053_gr1_ins1,7.c,7.c,Angļu valoda,T053,T-506,4,1,,none,1,1,0,,
7.c_Angļu valoda_T095_gr2_ins3,7.c,7.c,Angļu valoda,T095,T-302,4,1,,none,2,3,0,,
8.a_Latviešu valoda_T048_gr2_ins1,8.a,8.a,Latviešu valoda,T048,T-606,4,1,,none,2,1,0,,
8.b_Vēsture_T084_gr1_ins1,8.b,8.b,Vēsture,T084,T-501,4,1,,none,1,1,0,,
8.c_Matemātika_T088_gr1_ins4,8.c,8.c,Matemātika,T088,T-409,4,1,,none,1,4,0,,
9.b_Ķīmija_T046_gr1_ins1,9.b,9.b,Ķīmija,T046,T-309,4,1,,none,1,1,0,,
9.c_Fizika_T077_gr1_ins2,9.c,9.c,Fizika,T077,T-408,4,1,,none,1,2,0,,
1.b_Angļu valoda_T064_gr1_ins2,1.b,1.b,Angļu valoda,T064,A-303-b,4,2,,none,1,2,0,,
v3_10.a-UZN+10.b-DAB_Latviešu valoda un literatūra I_stream1_T059_gr1_ins4,10.a-UZN,10.a-UZN+10.b-DAB,Latviešu valoda un literatūra I,T059,T-306,4,2,LAT_10,fixed_pair_partition,1,4,1,LAT_10,v3
v2_11.a-HUM+11.a-UZN_Ķīmija I_stream2_T046_gr1_ins1,11.a-HUM,11.a-HUM+11.a-UZN,Ķīmija I,T046,T-309,4,2,CHEM_11,fixed_pair_partition,1,1,2,CHEM_11,v2
"12.a-HUM+12.a-UZN+12.b-DAB+12.b-MAT_Svešvaloda (otrā, vācu) I B1_T010_gr1_ins1",12.a-HUM,12.a-HUM+12.a-UZN+12.b-DAB+12.b-MAT,"Svešvaloda (otrā, vācu) I B1",T010,T-504,4,2,GERMAN_12_ALL,forced_parallel_groups,1,1,0,,
"12.a-HUM+12.a-UZN+12.b-DAB+12.b-MAT_Svešvaloda (otrā, vācu) I B1_T024_gr2_ins1",12.a-HUM,12.a-HUM+12.a-UZN+12.b-DAB+12.b-MAT,"Svešvaloda (otrā, vācu) I B1",T024,T-401,4,2,GERMAN_12_ALL,forced_parallel_groups,2,1,0,,
"12.a-HUM+12.a-UZN+12.b-DAB+12.b-MAT_Svešvaloda (otrā, vācu) I B1_T025_gr3_ins1",12.a-HUM,12.a-HUM+12.a-UZN+12.b-DAB+12.b-MAT,"Svešvaloda (otrā, vācu) I B1",T025,T-302,4,2,GERMAN_12_ALL,forced_parallel_groups,3,1,0,,
"12.a-HUM+12.a-UZN+12.b-DAB+12.b-MAT_Svešvaloda (otrā, vācu) I B1_T033_gr4_ins1",12.a-HUM,12.a-HUM+12.a-UZN+12.b-DAB+12.b-MAT,"Svešvaloda (otrā, vācu) I B1",T033,T-402,4,2,GERMAN_12_ALL,forced_parallel_groups,4,1,0,,
2.a_Dabaszinības_T051_gr1_ins2,2.a,2.a,Dabaszinības,T051,A-208,4,2,,none,1,2,0,,
2.b_Latviešu valoda_T096_gr2_ins2,2.b,2.b,Latviešu valoda,T096,A-104,4,2,,none,2,2,0,,
2.c_Sports un veselība (praktiskā)_T044_gr1_ins1,2.c,2.c,Sports un veselība (praktiskā),T044,A-aktu-zale,4,2,,none,1,1,0,,
3.b_Angļu valoda_T018_gr1_ins3,3.b,3.b,Angļu valoda,T018,A-402,4,2,,none,1,3,0,,
3.c_Latviešu valoda_T004_gr1_ins6,3.c,3.c,Latviešu valoda,T004,A-105,4,2,,none,1,6,0,,
4.b_Sports un veselība (teorija)_T069_gr1_ins1,4.b,4.b,Sports un veselība (teorija),T069,A-204,4,2,,none,1,1,0,,
4.c_Angļu valoda_T060_gr1_ins1,4.c,4.c,Angļu valoda,T060,A-110,4,2,,none,1,1,0,,
5.a_Matemātika_T020_gr1_ins1,5.a,5.a,Matemātika,T020,A-207,4,2,,none,1,1,0,,
5.c_Latviešu valoda_T083_gr2_ins1,5.c,5.c,Latviešu valoda,T083,A-302,4,2,,none,2,1,0,,
6.b_Latviešu valoda_T037_gr1_ins3,6.b,6.b,Latviešu valoda,T037,T-108,4,2,,none,1,3,0,,
6.b_Latviešu valoda_T097_gr2_ins2,6.b,6.b,Latviešu valoda,T097,T-501,4,2,,none,2,2,0,,
6.c_Mūzika_T050_gr1_ins1,6.c,6.c,Mūzika,T050,T-603,4,2,,none,1,1,0,,
7.c_Datorika_T016_gr1_ins1,7.c,7.c,Datorika,T016,T-301,4,2,,none,1,1,0,,
8.a_Ģeogrāfija_T087_gr1_ins2,8.a,8.a,Ģeogrāfija,T087,T-307,4,2,,none,1,2,0,,
8.c_Literatūra_T048_gr1_ins2,8.c,8.c,Literatūra,T048,T-506,4,2,,none,1,2,0,,
9.b_Latviešu valoda_T001_gr1_ins2,9.b,9.b,Latviešu valoda,T001,T-410,4,2,,none,1,2,0,,
9.c_Matemātika_T003_gr1_ins3,9.c,9.c,Matemātika,T003,T-707,4,2,,none,1,3,0,,
1.b_Dizains un tehnoloģijas_T092_gr1_ins1,1.b,1.b,Dizains un tehnoloģijas,T092,A-308,4,3,,none,1,1,0,,
v3_10.a-HUM+10.b-MAT_Vācu valoda akadēmiskiem nolūkiem_stream2_T010_gr1_ins1,10.a-HUM,10.a-HUM+10.b-MAT,Vācu valoda akadēmiskiem nolūkiem,T010,T-410,4,3,GERMANAK_10,fixed_pair_partition,1,1,2,GERMANAK_10,v3
v2_10.a-UZN+10.b-DAB_Sociālās zinības un vēsture_stream1_T085_gr1_ins1,10.a-UZN,10.a-UZN+10.b-DAB,Sociālās zinības un vēsture,T085,T-302,4,3,SOC_10,fixed_pair_partition,1,1,1,SOC_10,v2
v2_11.a-HUM+11.a-UZN_Ķīmija I_stream2_T046_gr1_ins2,11.a-HUM,11.a-HUM+11.a-UZN,Ķīmija I,T046,T-309,4,3,CHEM_11,fixed_pair_partition,1,2,2,CHEM_11,v2
11.b-DAB_Bioloģija II_T005_gr1_ins1,11.b-DAB,11.b-DAB,Bioloģija II,T005,T-303,4,3,,none,1,1,0,,
v1_12.a-HUM+12.b-DAB_Latviešu valoda un literatūra I_stream1_T059_gr1_ins1,12.a-HUM,12.a-HUM+12.b-DAB,Latviešu valoda un literatūra I,T059,T-504,4,3,LAT_12,fixed_pair_partition,1,1,1,LAT_12,v1
v1_12.a-UZN+12.b-MAT_Matemātika II_stream1_T082_gr1_ins7,12.a-UZN,12.a-UZN+12.b-MAT,Matemātika II,T082,T-705,4,3,MATH_12,fixed_pair_partition,1,7,1,MATH_12,v1
2.a_Dizains un tehnoloģijas_T044_gr1_ins1,2.a,2.a,Dizains un tehnoloģijas,T044,A-104,4,3,,none,1,1,0,,
2.b_Latviešu valoda_T096_gr2_ins6,2.b,2.b,Latviešu valoda,T096,A-403-a,4,3,,none,2,6,0,,
2.c_Matemātika_T051_gr1_ins5,2.c,2.c,Matemātika,T051,A-302,4,3,,none,1,5,0,,
3.a_Angļu valoda_T018_gr1_ins1,3.a,3.a,Angļu valoda,T018,A-307,4,3,,none,1,1,0,,
3.a_Angļu valoda_T064_gr2_ins2,3.a,3.a,Angļu valoda,T064,A-304,4,3,,none,2,2,0,,
3.b_Latviešu valoda_T004_gr1_ins1,3.b,3.b,Latviešu valoda,T004,A-303-a,4,3,,none,1,1,0,,
3.b_Latviešu valoda_T029_gr2_ins2,3.b,3.b,Latviešu valoda,T029,A-402,4,3,,none,2,2,0,,
4.a_Sports un veselība (praktiskā)_T069_gr1_ins1,4.a,4.a,Sports un veselība (praktiskā),T069,A-aktu-zale,4,3,,none,1,1,0,,
4.b_Literatūra_T083_gr2_ins1,4.b,4.b,Literatūra,T083,A-204,4,3,,none,2,1,0,,
4.c_Latviešu valoda_T035_gr1_ins5,4.c,4.c,Latviešu valoda,T035,A-203,4,3,,none,1,5,0,,
4.c_Latviešu valoda_T049_gr2_ins3,4.c,4.c,Latviešu valoda,T049,A-405,4,3,,none,2,3,0,,
5.a_Angļu valoda_T080_gr2_ins3,5.a,5.a,Angļu valoda,T080,A-403,4,3,,none,2,3,0,,
5.c_Sports un veselība (teorija)_T040_gr1_ins1,5.c,5.c,Sports un veselība (teorija),T040,A-208,4,3,,none,1,1,0,,
6.a_Mūzika_T050_gr1_ins2,6.a,6.a,Mūzika,T050,T-305,4,3,,none,1,2,0,,
6.b_Latviešu valoda_T037_gr1_ins4,6.b,6.b,Latviešu valoda,T037,T-602,4,3,,none,1,4,0,,
6.b_Latviešu valoda_T097_gr2_ins1,6.b,6.b,Latviešu valoda,T097,T-603,4,3,,none,2,1,0,,
6.c_Matemātika_T003_gr1_ins4,6.c,6.c,Matemātika,T003,T-406,4,3,,none,1,4,0,,
7.b_Angļu valoda_T053_gr1_ins2,7.b,7.b,Angļu valoda,T053,T-409,4,3,,none,1,2,0,,
7.c_Vācu valoda_T024_gr1_ins2,7.c,7.c,Vācu valoda,T024,T-408,4,3,,none,1,2,0,,
8.a_Bioloģija_T054_gr1_ins2,8.a,8.a,Bioloģija,T054,T-306,4,3,,none,1,2,0,,
8.b_Fizika_T077_gr1_ins2,8.b,8.b,Fizika,T077,T-707,4,3,,none,1,2,0,,
8.c_Vācu valoda_T025_gr1_ins2,8.c,8.c,Vācu valoda,T025,T-307,4,3,,none,1,2,0,,
8.c_Vācu valoda_T090_gr2_ins2,8.c,8.c,Vācu valoda,T090,T-505,4,3,,none,2,2,0,,
9.a_Sports un veselība (praktiskā)_T070_gr1_ins1,9.a,9.a,Sports un veselība (praktiskā),T070,T-sporta-zale,4,3,SPORT_9,optional_single_or_pair,1,1,0,,
9.b_Dizains un tehnoloģijas_T016_gr1_ins1,9.b,9.b,Dizains un tehnoloģijas,T016,T-506,4,3,,none,1,1,0,,
9.c_Literatūra_T001_gr1_ins1,9.c,9.c,Literatūra,T001,T-108,4,3,,none,1,1,0,,
v2_10.b-DAB+10.b-MAT_Fizika I_stream1_T077_gr1_ins3,10.b-DAB,10.b-DAB+10.b-MAT,Fizika I,T077,T-707,4,4,PHYS_10,fixed_pair_partition,1,3,1,PHYS_10,v2
11.b-DAB_Bioloģija II_T005_gr1_ins2,11.b-DAB,11.b-DAB,Bioloģija II,T005,T-408,4,4,,none,1,2,0,,
v1_12.a-UZN+12.b-MAT_Matemātika II_stream1_T082_gr1_ins4,12.a-UZN,12.a-UZN+12.b-MAT,Matemātika II,T082,T-606,4,4,MATH_12,fixed_pair_partition,1,4,1,MATH_12,v1
12.b-DAB_Ķīmija II_T046_gr1_ins1,12.b-DAB,12.b-DAB,Ķīmija II,T046,T-309,4,4,,none,1,1,0,,
2.b_Sociālās zinības_T051_gr1_ins1,2.b,2.b,Sociālās zinības,T051,A-105,4,4,,none,1,1,0,,
3.a_Angļu valoda_T018_gr1_ins3,3.a,3.a,Angļu valoda,T018,A-205,4,4,,none,1,3,0,,
3.b_Matemātika_T072_gr1_ins4,3.b,3.b,Matemātika,T072,A-209,4,4,,none,1,4,0,,
3.c_Dizains un tehnoloģijas_T029_gr1_ins2,3.c,3.c,Dizains un tehnoloģijas,T029,A-304,4,4,,none,1,2,0,,
4.a_Latviešu valoda_T032_gr1_ins1,4.a,4.a,Latviešu valoda,T032,A-403-b,4,4,,none,1,1,0,,
4.a_Latviešu valoda_T083_gr2_ins4,4.a,4.a,Latviešu valoda,T083,A-403,4,4,,none,2,4,0,,
4.c_Latviešu valoda_T035_gr1_ins1,4.c,4.c,Latviešu valoda,T035,A-204,4,4,,none,1,1,0,,
4.c_Latviešu valoda_T049_gr2_ins5,4.c,4.c,Latviešu valoda,T049,A-110,4,4,,none,2,5,0,,
5.b_Sociālās zinības un vēsture_T084_gr1_ins2,5.b,5.b,Sociālās zinības un vēsture,T084,A-308,4,4,,none,1,2,0,,
6.a_Dizains un tehnoloģijas_T016_gr1_ins1,6.a,6.a,Dizains un tehnoloģijas,T016,T-506,4,4,,none,1,1,0,,
6.c_Latviešu valoda_T037_gr1_ins4,6.c,6.c,Latviešu valoda,T037,T-405,4,4,,none,1,4,0,,
6.c_Latviešu valoda_T041_gr2_ins2,6.c,6.c,Latviešu valoda,T041,T-603,4,4,,none,2,2,0,,
7.a_Vizuālā māksla_T066_gr1_ins1,7.a,7.a,Vizuālā māksla,T066,T-505,4,4,,none,1,1,0,,
7.b_Vācu valoda_T024_gr1_ins3,7.b,7.b,Vācu valoda,T024,T-108,4,4,,none,1,3,0,,
7.b_Vācu valoda_T028_gr2_ins3,7.b,7.b,Vācu valoda,T028,T-705,4,4,,none,2,3,0,,
8.b_Angļu valoda_T007_gr1_ins1,8.b,8.b,Angļu valoda,T007,T-303,4,4,,none,1,1,0,,
8.b_Angļu valoda_T053_gr2_ins3,8.b,8.b,Angļu valoda,T053,T-305,4,4,,none,2,3,0,,
8.c_Latviešu valoda_T048_gr2_ins3,8.c,8.c,Latviešu valoda,T048,T-602,4,4,,none,2,3,0,,
9.a_Bioloģija_T023_gr1_ins1,9.a,9.a,Bioloģija,T023,T-406,4,4,,none,1,1,0,,
9.b_Matemātika_T012_gr1_ins4,9.b,9.b,Matemātika,T012,T-504,4,4,,none,1,4,0,,
9.c_Vācu valoda_T025_gr1_ins2,9.c,9.c,Vācu valoda,T025,T-404,4,4,,none,1,2,0,,
1.a_Latviešu valoda_T068_gr2_ins4,1.a,1.a,Latviešu valoda,T068,A-304,4,5,,none,2,4,0,,
v1_10.a-UZN+10.b-MAT_Svešvaloda (angļu) I B2_stream2_T053_gr1_ins1,10.a-UZN,10.a-UZN+10.b-MAT,Svešvaloda (angļu) I B2,T053,T-603,4,5,ENG_10,fixed_pair_partition,1,1,2,ENG_10,v1
"v1_12.a-HUM+12.a-UZN_Svešvaloda (otrā, vācu) II B2_stream1_T010_gr1_ins1",12.a-HUM,12.a-HUM+12.a-UZN,"Svešvaloda (otrā, vācu) II B2",T010,T-602,4,5,GERMAN2_12,fixed_pair_partition,1,1,1,GERMAN2_12,v1
v1_12.b-DAB+12.b-MAT_Fizika II_stream1_T006_gr1_ins3,12.b-DAB,12.b-DAB+12.b-MAT,Fizika II,T006,T-605,4,5,PHYS_12,fixed_pair_partition,1,3,1,PHYS_12,v1
2.a_Matemātika_T051_gr1_ins2,2.a,2.a,Matemātika,T051,A-110,4,5,,none,1,2,0,,
2.b_Latviešu valoda_T049_gr1_ins3,2.b,2.b,Latviešu valoda,T049,A-403-a,4,5,,none,1,3,0,,
3.a_Latviešu valoda_T029_gr2_ins5,3.a,3.a,Latviešu valoda,T029,A-402,4,5,,none,2,5,0,,
3.c_Matemātika_T072_gr1_ins1,3.c,3.c,Matemātika,T072,A-403,4,5,,none,1,1,0,,
4.b_Sociālās zinības un vēsture_T084_gr1_ins2,4.b,4.b,Sociālās zinības un vēsture,T084,A-106,4,5,,none,1,2,0,,
5.b_Latviešu valoda_T032_gr1_ins1,5.b,5.b,Latviešu valoda,T032,A-209,4,5,,none,1,1,0,,
5.b_Latviešu valoda_T035_gr2_ins5,5.b,5.b,Latviešu valoda,T035,A-105,4,5,,none,2,5,0,,
6.b_Vācu valoda_T025_gr2_ins2,6.b,6.b,Vācu valoda,T025,T-707,4,5,,none,2,2,0,,
6.c_Angļu valoda_T081_gr1_ins2,6.c,6.c,Angļu valoda,T081,T-303,4,5,,none,1,2,0,,
6.c_Angļu valoda_T095_gr2_ins2,6.c,6.c,Angļu valoda,T095,T-606,4,5,,none,2,2,0,,
7.a_Matemātika_T055_gr1_ins5,7.a,7.a,Matemātika,T055,T-504,4,5,,none,1,5,0,,
7.b_Vizuālā māksla_T066_gr1_ins1,7.b,7.b,Vizuālā māksla,T066,T-108,4,5,,none,1,1,0,,
7.c_Latviešu valoda_T001_gr1_ins2,7.c,7.c,Latviešu valoda,T001,T-705,4,5,,none,1,2,0,,
7.c_Latviešu valoda_T037_gr2_ins3,7.c,7.c,Latviešu valoda,T037,T-307,4,5,,none,2,3,0,,
8.b_Bioloģija_T054_gr1_ins2,8.b,8.b,Bioloģija,T054,T-505,4,5,,none,1,2,0,,
8.c_Latviešu valoda_T048_gr2_ins1,8.c,8.c,Latviešu valoda,T048,T-601,4,5,,none,2,1,0,,
9.a_Ķīmija_T046_gr1_ins1,9.a,9.a,Ķīmija,T046,T-309,4,5,,none,1,1,0,,
9.b_Datorika_T016_gr1_ins1,9.b,9.b,Datorika,T016,T-301,4,5,,none,1,1,0,,
1.a_Matemātika_T051_gr1_ins4,1.a,1.a,Matemātika,T051,A-104,4,6,,none,1,4,0,,
v1_10.a-HUM+10.b-DAB_Svešvaloda (angļu) I B2_stream1_T053_gr1_ins1,10.a-HUM,10.a-HUM+10.b-DAB,Svešvaloda (angļu) I B2,T053,T-505,4,6,ENG_10,fixed_pair_partition,1,1,1,ENG_10,v1
v1_10.a-UZN+10.b-MAT_Ķīmija I_stream2_T046_gr1_ins2,10.a-UZN,10.a-UZN+10.b-MAT,Ķīmija I,T046,T-309,4,6,CHEM_10,fixed_pair_partition,1,2,2,CHEM_10,v1
v3_11.a-UZN+11.b-DAB_Sports un veselība (teorija)_stream1_T040_gr1_ins1,11.a-UZN,11.a-UZN+11.b-DAB,Sports un veselība (teorija),T040,T-407,4,6,SPORTT_11,fixed_pair_partition,1,1,1,SPORTT_11,v3
v1_12.b-DAB+12.b-MAT_Fizika II_stream1_T006_gr1_ins1,12.b-DAB,12.b-DAB+12.b-MAT,Fizika II,T006,T-306,4,6,PHYS_12,fixed_pair_partition,1,1,1,PHYS_12,v1
2.b_Latviešu valoda_T049_gr1_ins5,2.b,2.b,Latviešu valoda,T049,A-403-b,4,6,,none,1,5,0,,
2.b_Latviešu valoda_T096_gr2_ins5,2.b,2.b,Latviešu valoda,T096,A-309,4,6,,none,2,5,0,,
3.a_Sports un veselība (praktiskā)_T069_gr1_ins1,3.a,3.a,Sports un veselība (praktiskā),T069,A-aktu-zale,4,6,,none,1,1,0,,
4.a_Latviešu valoda_T032_gr1_ins5,4.a,4.a,Latviešu valoda,T032,A-204,4,6,,none,1,5,0,,
4.a_Latviešu valoda_T083_gr2_ins2,4.a,4.a,Latviešu valoda,T083,A-404,4,6,,none,2,2,0,,
5.a_Angļu valoda_T018_gr1_ins3,5.a,5.a,Angļu valoda,T018,A-106,4,6,,none,1,3,0,,
5.a_Angļu valoda_T080_gr2_ins2,5.a,5.a,Angļu valoda,T080,A-110,4,6,,none,2,2,0,,
5.b_Matemātika_T020_gr1_ins5,5.b,5.b,Matemātika,T020,A-303,4,6,,none,1,5,0,,
5.c_Sociālās zinības un vēsture_T084_gr1_ins2,5.c,5.c,Sociālās zinības un vēsture,T084,A-308,4,6,,none,1,2,0,,
6.b_Matemātika_T003_gr1_ins4,6.b,6.b,Matemātika,T003,T-707,4,6,,none,1,4,0,,
6.c_Sociālās zinības un vēsture_T085_gr1_ins1,6.c,6.c,Sociālās zinības un vēsture,T085,T-504,4,6,,none,1,1,0,,
7.a_Latviešu valoda_T001_gr1_ins1,7.a,7.a,Latviešu valoda,T001,T-401,4,6,,none,1,1,0,,
8.a_Fizika_T077_gr1_ins2,8.a,8.a,Fizika,T077,T-208,4,6,,none,1,2,0,,
8.b_Sports un veselība (praktiskā)_T070_gr1_ins2,8.b,8.b,Sports un veselība (praktiskā),T070,T-sporta-zale,4,6,SPORT_8,optional_single_or_pair,1,2,0,,
8.c_Ģeogrāfija_T087_gr1_ins1,8.c,8.c,Ģeogrāfija,T087,T-602,4,6,,none,1,1,0,,
9.b_Datorika_T016_gr1_ins2,9.b,9.b,Datorika,T016,T-304,4,6,,none,1,2,0,,
9.b_Datorika_T019_gr2_ins2,9.b,9.b,Datorika,T019,T-301,4,6,,none,2,2,0,,
9.c_Latviešu valoda_T048_gr2_ins3,9.c,9.c,Latviešu valoda,T048,T-410,4,6,,none,2,3,0,,
1.a_Mūzika_T026_gr1_ins1,1.a,1.a,Mūzika,T026,A-403,4,7,,none,1,1,0,,
v2_10.a-HUM+10.a-UZN_Bioloģija I_stream2_T005_gr1_ins3,10.a-HUM,10.a-HUM+10.a-UZN,Bioloģija I,T005,T-606,4,7,BIO_10,fixed_pair_partition,1,3,2,BIO_10,v2
v3_11.a-UZN+11.b-DAB_Fizika I_stream1_T077_gr1_ins2,11.a-UZN,11.a-UZN+11.b-DAB,Fizika I,T077,T-407,4,7,PHYS_11,fixed_pair_partition,1,2,1,PHYS_11,v3
v1_12.a-HUM+12.a-UZN_Ģeogrāfija II_stream1_T087_gr1_ins1,12.a-HUM,12.a-HUM+12.a-UZN,Ģeogrāfija II,T087,T-307,4,7,GEO_12,fixed_pair_partition,1,1,1,GEO_12,v1
v1_12.b-DAB+12.b-MAT_Fizika II_stream1_T006_gr1_ins6,12.b-DAB,12.b-DAB+12.b-MAT,Fizika II,T006,T-408,4,7,PHYS_12,fixed_pair_partition,1,6,1,PHYS_12,v1
2.b_Latviešu valoda_T049_gr1_ins6,2.b,2.b,Latviešu valoda,T049,A-304,4,7,,none,1,6,0,,
2.c_Matemātika_T051_gr1_ins1,2.c,2.c,Matemātika,T051,A-105,4,7,,none,1,1,0,,
3.a_Sociālās zinības_T004_gr1_ins1,3.a,3.a,Sociālās zinības,T004,A-302,4,7,,none,1,1,0,,
4.b_Latviešu valoda_T032_gr1_ins2,4.b,4.b,Latviešu valoda,T032,A-309,4,7,,none,1,2,0,,
4.b_Latviešu valoda_T083_gr2_ins3,4.b,4.b,Latviešu valoda,T083,A-206,4,7,,none,2,3,0,,
5.a_Matemātika_T020_gr1_ins5,5.a,5.a,Matemātika,T020,A-207,4,7,,none,1,5,0,,
6.a_Matemātika_T003_gr1_ins3,6.a,6.a,Matemātika,T003,T-402,4,7,,none,1,3,0,,
6.c_Sociālās zinības un vēsture_T085_gr1_ins2,6.c,6.c,Sociālās zinības un vēsture,T085,T-302,4,7,,none,1,2,0,,
7.a_Vācu valoda_T028_gr2_ins2,7.a,7.a,Vācu valoda,T028,T-108,4,7,,none,2,2,0,,
7.b_Matemātika_T055_gr1_ins5,7.b,7.b,Matemātika,T055,T-506,4,7,,none,1,5,0,,
7.c_Ķīmija_T036_gr1_ins1,7.c,7.c,Ķīmija,T036,T-309,4,7,,none,1,1,0,,
8.a_Angļu valoda_T007_gr1_ins1,8.a,8.a,Angļu valoda,T007,T-409,4,7,,none,1,1,0,,
8.b_Vācu valoda_T010_gr1_ins3,8.b,8.b,Vācu valoda,T010,T-603,4,7,,none,1,3,0,,
9.a_Sociālās zinības_T084_gr1_ins1,9.a,9.a,Sociālās zinības,T084,T-406,4,7,,none,1,1,0,,
9.b_Literatūra_T001_gr1_ins2,9.b,9.b,Literatūra,T001,T-705,4,7,,none,1,2,0,,
9.c_Sports un veselība (praktiskā)_T040_gr1_ins2,9.c,9.c,Sports un veselība (praktiskā),T040,T-sporta-zale,4,7,SPORT_9,optional_single_or_pair,1,2,0,,
1.a_Latviešu valoda_T068_gr2_ins2,1.a,1.a,Latviešu valoda,T068,A-405,4,8,,none,2,2,0,,
v1_10.a-HUM+10.b-DAB_Sports un veselība (teorija)_stream1_T070_gr1_ins1,10.a-HUM,10.a-HUM+10.b-DAB,Sports un veselība (teorija),T070,T-407,4,8,SPORTT_10,fixed_pair_partition,1,1,1,SPORTT_10,v1
v1_10.a-UZN+10.b-MAT_Ķīmija I_stream2_T046_gr1_ins1,10.a-UZN,10.a-UZN+10.b-MAT,Ķīmija I,T046,T-309,4,8,CHEM_10,fixed_pair_partition,1,1,2,CHEM_10,v1
v3_11.a-HUM+11.b-MAT_Fizika I_stream2_T077_gr1_ins3,11.a-HUM,11.a-HUM+11.b-MAT,Fizika I,T077,T-207,4,8,PHYS_11,fixed_pair_partition,1,3,2,PHYS_11,v3
v1_11.a-UZN_Kultūras pamati_stream2_T066_gr1_ins1,11.a-UZN,11.a-UZN,Kultūras pamati,T066,T-501,4,8,CULT_11,fixed_pair_partition,1,1,2,CULT_11,v1
v1_12.a-UZN+12.b-MAT_Latviešu valoda un literatūra I_stream2_T059_gr1_ins4,12.a-UZN,12.a-UZN+12.b-MAT,Latviešu valoda un literatūra I,T059,T-707,4,8,LAT_12,fixed_pair_partition,1,4,2,LAT_12,v1
2.c_Vizuālā māksla_T044_gr1_ins1,2.c,2.c,Vizuālā māksla,T044,A-104,4,8,,none,1,1,0,,
3.c_Sociālās zinības_T004_gr1_ins1,3.c,3.c,Sociālās zinības,T004,A-304,4,8,,none,1,1,0,,
4.c_Mūzika_T026_gr1_ins2,4.c,4.c,Mūzika,T026,A-302,4,8,,none,1,2,0,,
5.a_Latviešu valoda_T032_gr1_ins5,5.a,5.a,Latviešu valoda,T032,A-206,4,8,,none,1,5,0,,
5.a_Latviešu valoda_T035_gr2_ins4,5.a,5.a,Latviešu valoda,T035,A-303-a,4,8,,none,2,4,0,,
5.b_Vācu valoda_T024_gr1_ins2,5.b,5.b,Vācu valoda,T024,A-110,4,8,,none,1,2,0,,
5.c_Vācu valoda_T063_gr2_ins2,5.c,5.c,Vācu valoda,T063,A-209,4,8,,none,2,2,0,,
6.a_Matemātika_T003_gr1_ins4,6.a,6.a,Matemātika,T003,T-409,4,8,,none,1,4,0,,
6.c_Latviešu valoda_T041_gr2_ins4,6.c,6.c,Latviešu valoda,T041,T-307,4,8,,none,2,4,0,,
7.b_Mūzika_T050_gr1_ins2,7.b,7.b,Mūzika,T050,T-406,4,8,,none,1,2,0,,
7.c_Vēsture_T084_gr1_ins1,7.c,7.c,Vēsture,T084,T-505,4,8,,none,1,1,0,,
8.a_Vācu valoda_T010_gr1_ins3,8.a,8.a,Vācu valoda,T010,T-606,4,8,,none,1,3,0,,
8.a_Vācu valoda_T090_gr2_ins1,8.a,8.a,Vācu valoda,T090,T-602,4,8,,none,2,1,0,,
9.a_Datorika_T016_gr1_ins2,9.a,9.a,Datorika,T016,T-301,4,8,,none,1,2,0,,
9.b_Angļu valoda_T007_gr1_ins1,9.b,9.b,Angļu valoda,T007,T-605,4,8,,none,1,1,0,,
9.c_Bioloģija_T023_gr1_ins2,9.c,9.c,Bioloģija,T023,T-504,4,8,,none,1,2,0,,
1.b_Latviešu valoda_T096_gr2_ins1,1.b,1.b,Latviešu valoda,T096,A-402,4,9,,none,2,1,0,,
v1_10.a-HUM+10.b-DAB_Svešvaloda (angļu) I B2_stream1_T053_gr1_ins2,10.a-HUM,10.a-HUM+10.b-DAB,Svešvaloda (angļu) I B2,T053,T-707,4,9,ENG_10,fixed_pair_partition,1,2,1,ENG_10,v1
v2_11.b-DAB+11.b-MAT_Ķīmija I_stream1_T046_gr1_ins2,11.b-DAB,11.b-DAB+11.b-MAT,Ķīmija I,T046,T-309,4,9,CHEM_11,fixed_pair_partition,1,2,1,CHEM_11,v2
12.a-HUM+12.a-UZN+12.b-DAB+12.b-MAT_Sports un veselība (praktiskā)_T040_gr1_ins1,12.a-HUM,12.a-HUM+12.a-UZN+12.b-DAB+12.b-MAT,Sports un veselība (praktiskā),T040,T-sporta-zale,4,9,SPORT_12_ALL,forced_parallel_groups,1,1,0,,
3.c_Dabaszinības_T072_gr1_ins1,3.c,3.c,Dabaszinības,T072,A-209,4,9,,none,1,1,0,,
4.a_Matemātika_T020_gr1_ins3,4.a,4.a,Matemātika,T020,A-206,4,9,,none,1,3,0,,
5.a_Vācu valoda_T063_gr2_ins1,5.a,5.a,Vācu valoda,T063,A-403,4,9,,none,2,1,0,,
5.b_Angļu valoda_T018_gr1_ins1,5.b,5.b,Angļu valoda,T018,A-106,4,9,,none,1,1,0,,
5.c_Latviešu valoda_T035_gr1_ins4,5.c,5.c,Latviešu valoda,T035,A-207,4,9,,none,1,4,0,,
6.a_Matemātika_T003_gr1_ins1,6.a,6.a,Matemātika,T003,T-402,4,9,,none,1,1,0,,
6.b_Vācu valoda_T024_gr1_ins1,6.b,6.b,Vācu valoda,T024,T-108,4,9,,none,1,1,0,,
6.b_Vācu valoda_T025_gr2_ins3,6.b,6.b,Vācu valoda,T025,T-408,4,9,,none,2,3,0,,
6.c_Angļu valoda_T081_gr1_ins1,6.c,6.c,Angļu valoda,T081,T-410,4,9,,none,1,1,0,,
6.c_Angļu valoda_T095_gr2_ins3,6.c,6.c,Angļu valoda,T095,T-305,4,9,,none,2,3,0,,
7.a_Vizuālā māksla_T066_gr1_ins2,7.a,7.a,Vizuālā māksla,T066,T-409,4,9,,none,1,2,0,,
7.b_Ģeogrāfija_T087_gr1_ins1,7.b,7.b,Ģeogrāfija,T087,T-605,4,9,,none,1,1,0,,
7.c_Bioloģija_T023_gr1_ins1,7.c,7.c,Bioloģija,T023,T-407,4,9,,none,1,1,0,,
8.a_Matemātika_T088_gr1_ins1,8.a,8.a,Matemātika,T088,T-207,4,9,,none,1,1,0,,
8.b_Angļu valoda_T007_gr1_ins2,8.b,8.b,Angļu valoda,T007,T-705,4,9,,none,1,2,0,,
8.c_Latviešu valoda_T048_gr2_ins2,8.c,8.c,Latviešu valoda,T048,T-501,4,9,,none,2,2,0,,
9.a_Sports un veselība (teorija)_T070_gr1_ins1,9.a,9.a,Sports un veselība (teorija),T070,T-208,4,9,,none,1,1,0,,
v3_10.a-HUM+10.b-MAT_Latviešu valoda un literatūra I_stream2_T059_gr1_ins3,10.a-HUM,10.a-HUM+10.b-MAT,Latviešu valoda un literatūra I,T059,T-302,5,0,LAT_10,fixed_pair_partition,1,3,2,LAT_10,v3
v2_10.a-UZN+10.b-DAB_Sociālās zinības un vēsture_stream1_T085_gr1_ins4,10.a-UZN,10.a-UZN+10.b-DAB,Sociālās zinības un vēsture,T085,T-602,5,0,SOC_10,fixed_pair_partition,1,4,1,SOC_10,v2
v1_11.a-HUM+11.b-DAB_Svešvaloda (angļu) I B2_stream1_T062_gr1_ins1,11.a-HUM,11.a-HUM+11.b-DAB,Svešvaloda (angļu) I B2,T062,T-402,5,0,ENG_11,fixed_pair_partition,1,1,1,ENG_11,v1
v1_12.a-HUM+12.a-UZN_Ģeogrāfija II_stream1_T087_gr1_ins2,12.a-HUM,12.a-HUM+12.a-UZN,Ģeogrāfija II,T087,T-606,5,0,GEO_12,fixed_pair_partition,1,2,1,GEO_12,v1
v1_12.b-DAB+12.b-MAT_Fizika II_stream1_T006_gr1_ins2,12.b-DAB,12.b-DAB+12.b-MAT,Fizika II,T006,T-306,5,0,PHYS_12,fixed_pair_partition,1,2,1,PHYS_12,v1
2.b_Matemātika_T051_gr1_ins4,2.b,2.b,Matemātika,T051,A-104,5,0,,none,1,4,0,,
3.a_Latviešu valoda_T004_gr1_ins3,3.a,3.a,Latviešu valoda,T004,A-403-a,5,0,,none,1,3,0,,
3.a_Latviešu valoda_T029_gr2_ins6,3.a,3.a,Latviešu valoda,T029,A-309,5,0,,none,2,6,0,,
3.b_Matemātika_T072_gr1_ins2,3.b,3.b,Matemātika,T072,A-110,5,0,,none,1,2,0,,
3.c_Angļu valoda_T064_gr2_ins3,3.c,3.c,Angļu valoda,T064,A-405,5,0,,none,2,3,0,,
4.a_Dabaszinības_T038_gr1_ins1,4.a,4.a,Dabaszinības,T038,A-403,5,0,,none,1,1,0,,
4.c_Datorika_T019_gr1_ins1,4.c,4.c,Datorika,T019,A-305,5,0,,none,1,1,0,,
5.a_Literatūra_T032_gr1_ins2,5.a,5.a,Literatūra,T032,A-106,5,0,,none,1,2,0,,
5.b_Angļu valoda_T080_gr2_ins2,5.b,5.b,Angļu valoda,T080,A-303-b,5,0,,none,2,2,0,,
5.c_Vācu valoda_T063_gr2_ins1,5.c,5.c,Vācu valoda,T063,A-304,5,0,,none,2,1,0,,
6.a_Sports un veselība (praktiskā)_T071_gr1_ins1,6.a,6.a,Sports un veselība (praktiskā),T071,T-sporta-zale,5,0,SPORT_6,optional_single_or_pair,1,1,0,,
6.c_Dizains un tehnoloģijas_T016_gr1_ins1,6.c,6.c,Dizains un tehnoloģijas,T016,T-406,5,0,,none,1,1,0,,
7.a_Angļu valoda_T053_gr1_ins2,7.a,7.a,Angļu valoda,T053,T-408,5,0,,none,1,2,0,,
7.a_Angļu valoda_T095_gr2_ins3,7.a,7.a,Angļu valoda,T095,T-405,5,0,,none,2,3,0,,
7.b_Mūzika_T050_gr1_ins1,7.b,7.b,Mūzika,T050,T-207,5,0,,none,1,1,0,,
8.a_Sociālās zinības_T084_gr1_ins1,8.a,8.a,Sociālās zinības,T084,T-409,5,0,,none,1,1,0,,
8.b_Ķīmija_T036_gr1_ins1,8.b,8.b,Ķīmija,T036,T-309,5,0,,none,1,1,0,,
8.c_Matemātika_T088_gr1_ins2,8.c,8.c,Matemātika,T088,T-407,5,0,,none,1,2,0,,
9.b_Angļu valoda_T007_gr1_ins3,9.b,9.b,Angļu valoda,T007,T-410,5,0,,none,1,3,0,,
9.b_Angļu valoda_T079_gr2_ins2,9.b,9.b,Angļu valoda,T079,T-506,5,0,,none,2,2,0,,
9.c_Latviešu valoda_T001_gr1_ins2,9.c,9.c,Latviešu valoda,T001,T-705,5,0,,none,1,2,0,,
9.c_Latviešu valoda_T048_gr2_ins1,9.c,9.c,Latviešu valoda,T048,T-401,5,0,,none,2,1,0,,
1.a_Latviešu valoda_T068_gr2_ins6,1.a,1.a,Latviešu valoda,T068,A-307,5,1,,none,2,6,0,,
1.b_Dabaszinības_T051_gr1_ins1,1.b,1.b,Dabaszinības,T051,A-104,5,1,,none,1,1,0,,
v1_10.a-HUM+10.b-DAB_Matemātika I_stream1_T082_gr1_ins1,10.a-HUM,10.a-HUM+10.b-DAB,Matemātika I,T082,T-506,5,1,MATH_10,fixed_pair_partition,1,1,1,MATH_10,v1
10.b-MAT_Programmēšana I_T045_gr1_ins2,10.b-MAT,10.b-MAT,Programmēšana I,T045,T-301,5,1,,none,1,2,0,,
v3_11.a-HUM+11.b-MAT_Fizika I_stream2_T077_gr1_ins1,11.a-HUM,11.a-HUM+11.b-MAT,Fizika I,T077,T-402,5,1,PHYS_11,fixed_pair_partition,1,1,2,PHYS_11,v3
v3_11.a-UZN+11.b-DAB_Vācu valoda akadēmiskiem nolūkiem_stream1_T010_gr1_ins1,11.a-UZN,11.a-UZN+11.b-DAB,Vācu valoda akadēmiskiem nolūkiem,T010,T-505,5,1,GERMANAK_11,fixed_pair_partition,1,1,1,GERMANAK_11,v3
v1_12.a-HUM+12.b-DAB_Svešvaloda (angļu) I B2_stream1_T062_gr1_ins1,12.a-HUM,12.a-HUM+12.b-DAB,Svešvaloda (angļu) I B2,T062,T-302,5,1,ENG_12,fixed_pair_partition,1,1,1,ENG_12,v1
v1_12.a-UZN+12.b-MAT_Latviešu valoda un literatūra I_stream2_T059_gr1_ins1,12.a-UZN,12.a-UZN+12.b-MAT,Latviešu valoda un literatūra I,T059,T-410,5,1,LAT_12,fixed_pair_partition,1,1,2,LAT_12,v1
2.a_Angļu valoda_T060_gr1_ins1,2.a,2.a,Angļu valoda,T060,A-302,5,1,,none,1,1,0,,
2.a_Angļu valoda_T081_gr2_ins2,2.a,2.a,Angļu valoda,T081,A-304,5,1,,none,2,2,0,,
2.b_Sports un veselība (praktiskā)_T044_gr1_ins1,2.b,2.b,Sports un veselība (praktiskā),T044,A-aktu-zale,5,1,,none,1,1,0,,
3.a_Latviešu valoda_T004_gr1_ins6,3.a,3.a,Latviešu valoda,T004,A-208,5,1,,none,1,6,0,,
3.c_Matemātika_T072_gr1_ins5,3.c,3.c,Matemātika,T072,A-309,5,1,,none,1,5,0,,
4.a_Sports un veselība (teorija)_T069_gr1_ins1,4.a,4.a,Sports un veselība (teorija),T069,A-402,5,1,,none,1,1,0,,
4.b_Matemātika_T020_gr1_ins4,4.b,4.b,Matemātika,T020,A-209,5,1,,none,1,4,0,,
4.c_Angļu valoda_T080_gr2_ins2,4.c,4.c,Angļu valoda,T080,A-404,5,1,,none,2,2,0,,
5.a_Mūzika_T067_gr1_ins1,5.a,5.a,Mūzika,T067,A-203,5,1,,none,1,1,0,,
5.c_Angļu valoda_T018_gr1_ins3,5.c,5.c,Angļu valoda,T018,A-205,5,1,,none,1,3,0,,
6.a_Vācu valoda_T028_gr2_ins2,6.a,6.a,Vācu valoda,T028,T-306,5,1,,none,2,2,0,,
6.b_Latviešu valoda_T037_gr1_ins2,6.b,6.b,Latviešu valoda,T037,T-707,5,1,,none,1,2,0,,
6.c_Vizuālā māksla_T066_gr1_ins1,6.c,6.c,Vizuālā māksla,T066,T-504,5,1,,none,1,1,0,,
7.a_Datorika_T056_gr2_ins1,7.a,7.a,Datorika,T056,T-304,5,1,,none,2,1,0,,
7.b_Matemātika_T055_gr1_ins1,7.b,7.b,Matemātika,T055,T-208,5,1,,none,1,1,0,,
7.c_Matemātika_T088_gr1_ins5,7.c,7.c,Matemātika,T088,T-603,5,1,,none,1,5,0,,
8.a_Latviešu valoda_T048_gr2_ins3,8.a,8.a,Latviešu valoda,T048,T-705,5,1,,none,2,3,0,,
8.b_Bioloģija_T054_gr1_ins1,8.b,8.b,Bioloģija,T054,T-108,5,1,,none,1,1,0,,
9.a_Vācu valoda_T025_gr1_ins2,9.a,9.a,Vācu valoda,T025,T-307,5,1,,none,1,2,0,,
9.a_Vācu valoda_T090_gr2_ins1,9.a,9.a,Vācu valoda,T090,T-404,5,1,,none,2,1,0,,
9.b_Ķīmija_T046_gr1_ins2,9.b,9.b,Ķīmija,T046,T-309,5,1,,none,1,2,0,,
1.a_Matemātika_T051_gr1_ins5,1.a,1.a,Matemātika,T051,A-302,5,2,,none,1,5,0,,
1.b_Angļu valoda_T064_gr1_ins1,1.b,1.b,Angļu valoda,T064,A-403-b,5,2,,none,1,1,0,,
v1_10.a-UZN+10.b-MAT_Matemātika I_stream2_T082_gr1_ins4,10.a-UZN,10.a-UZN+10.b-MAT,Matemātika I,T082,T-306,5,2,MATH_10,fixed_pair_partition,1,4,2,MATH_10,v1
v3_11.a-HUM+11.b-MAT_Latviešu valoda un literatūra I_stream2_T059_gr1_ins1,11.a-HUM,11.a-HUM+11.b-MAT,Latviešu valoda un literatūra I,T059,T-505,5,2,LAT_11,fixed_pair_partition,1,1,2,LAT_11,v3
v1_12.a-HUM+12.a-UZN_Svešvaloda (angļu) II C1_stream1_T062_gr1_ins6,12.a-HUM,12.a-HUM+12.a-UZN,Svešvaloda (angļu) II C1,T062,T-601,5,2,ENG2_12,fixed_pair_partition,1,6,1,ENG2_12,v1
v1_12.b-DAB+12.b-MAT_Fizika II_stream1_T006_gr1_ins4,12.b-DAB,12.b-DAB+12.b-MAT,Fizika II,T006,T-207,5,2,PHYS_12,fixed_pair_partition,1,4,1,PHYS_12,v1
2.a_Sports un veselība (praktiskā)_T044_gr1_ins2,2.a,2.a,Sports un veselība (praktiskā),T044,A-aktu-zale,5,2,,none,1,2,0,,
2.c_Latviešu valoda_T049_gr1_ins4,2.c,2.c,Latviešu valoda,T049,A-404,5,2,,none,1,4,0,,
2.c_Latviešu valoda_T096_gr2_ins1,2.c,2.c,Latviešu valoda,T096,A-206,5,2,,none,2,1,0,,
3.a_Matemātika_T072_gr1_ins3,3.a,3.a,Matemātika,T072,A-208,5,2,,none,1,3,0,,
3.b_Latviešu valoda_T004_gr1_ins6,3.b,3.b,Latviešu valoda,T004,A-205,5,2,,none,1,6,0,,
3.c_Angļu valoda_T018_gr1_ins1,3.c,3.c,Angļu valoda,T018,A-308,5,2,,none,1,1,0,,
5.b_Datorika_T016_gr1_ins1,5.b,5.b,Datorika,T016,A-305,5,2,,none,1,1,0,,
5.c_Latviešu valoda_T035_gr1_ins3,5.c,5.c,Latviešu valoda,T035,A-110,5,2,,none,1,3,0,,
6.b_Mūzika_T050_gr1_ins2,6.b,6.b,Mūzika,T050,T-504,5,2,,none,1,2,0,,
6.c_Matemātika_T003_gr1_ins3,6.c,6.c,Matemātika,T003,T-108,5,2,,none,1,3,0,,
7.a_Vācu valoda_T024_gr1_ins2,7.a,7.a,Vācu valoda,T024,T-305,5,2,,none,1,2,0,,
7.a_Vācu valoda_T028_gr2_ins1,7.a,7.a,Vācu valoda,T028,T-302,5,2,,none,2,1,0,,
7.c_Matemātika_T088_gr1_ins2,7.c,7.c,Matemātika,T088,T-409,5,2,,none,1,2,0,,
8.a_Sports un veselība (praktiskā)_T070_gr1_ins1,8.a,8.a,Sports un veselība (praktiskā),T070,T-sporta-zale,5,2,SPORT_8,optional_single_or_pair,1,1,0,,
8.c_Sports un veselība (teorija)_T040_gr1_ins1,8.c,8.c,Sports un veselība (teorija),T040,T-602,5,2,,none,1,1,0,,
9.a_Vācu valoda_T025_gr1_ins1,9.a,9.a,Vācu valoda,T025,T-705,5,2,,none,1,1,0,,
9.a_Vācu valoda_T090_gr2_ins2,9.a,9.a,Vācu valoda,T090,T-707,5,2,,none,2,2,0,,
9.b_Vēsture_T084_gr1_ins1,9.b,9.b,Vēsture,T084,T-506,5,2,,none,1,1,0,,
9.c_Latviešu valoda_T001_gr1_ins3,9.c,9.c,Latviešu valoda,T001,T-605,5,2,,none,1,3,0,,
1.a_Vizuālā māksla_T043_gr1_ins2,1.a,1.a,Vizuālā māksla,T043,A-402,5,3,,none,1,2,0,,
v2_10.b-DAB+10.b-MAT_Fizika I_stream1_T077_gr1_ins1,10.b-DAB,10.b-DAB+10.b-MAT,Fizika I,T077,T-506,5,3,PHYS_10,fixed_pair_partition,1,1,1,PHYS_10,v2
v1_11.a-HUM+11.b-DAB_Matemātika I_stream1_T082_gr1_ins5,11.a-HUM,11.a-HUM+11.b-DAB,Matemātika I,T082,T-504,5,3,MATH_11,fixed_pair_partition,1,5,1,MATH_11,v1
v1_11.a-UZN+11.b-MAT_Svešvaloda (angļu) I B2_stream2_T062_gr1_ins2,11.a-UZN,11.a-UZN+11.b-MAT,Svešvaloda (angļu) I B2,T062,T-302,5,3,ENG_11,fixed_pair_partition,1,2,2,ENG_11,v1
"12.a-HUM+12.a-UZN+12.b-DAB+12.b-MAT_Svešvaloda (otrā, vācu) I B1_T010_gr1_ins2",12.a-HUM,12.a-HUM+12.a-UZN+12.b-DAB+12.b-MAT,"Svešvaloda (otrā, vācu) I B1",T010,T-307,5,3,GERMAN_12_ALL,forced_parallel_groups,1,2,0,,
"12.a-HUM+12.a-UZN+12.b-DAB+12.b-MAT_Svešvaloda (otrā, vācu) I B1_T024_gr2_ins2",12.a-HUM,12.a-HUM+12.a-UZN+12.b-DAB+12.b-MAT,"Svešvaloda (otrā, vācu) I B1",T024,T-208,5,3,GERMAN_12_ALL,forced_parallel_groups,2,2,0,,
"12.a-HUM+12.a-UZN+12.b-DAB+12.b-MAT_Svešvaloda (otrā, vācu) I B1_T025_gr3_ins2",12.a-HUM,12.a-HUM+12.a-UZN+12.b-DAB+12.b-MAT,"Svešvaloda (otrā, vācu) I B1",T025,T-305,5,3,GERMAN_12_ALL,forced_parallel_groups,3,2,0,,
"12.a-HUM+12.a-UZN+12.b-DAB+12.b-MAT_Svešvaloda (otrā, vācu) I B1_T033_gr4_ins2",12.a-HUM,12.a-HUM+12.a-UZN+12.b-DAB+12.b-MAT,"Svešvaloda (otrā, vācu) I B1",T033,T-410,5,3,GERMAN_12_ALL,forced_parallel_groups,4,2,0,,
2.a_Mūzika_T026_gr1_ins1,2.a,2.a,Mūzika,T026,A-110,5,3,,none,1,1,0,,
2.b_Dabaszinības_T051_gr1_ins1,2.b,2.b,Dabaszinības,T051,A-303,5,3,,none,1,1,0,,
2.c_Angļu valoda_T081_gr2_ins2,2.c,2.c,Angļu valoda,T081,A-207,5,3,,none,2,2,0,,
3.c_Angļu valoda_T018_gr1_ins3,3.c,3.c,Angļu valoda,T018,A-204,5,3,,none,1,3,0,,
3.c_Angļu valoda_T064_gr2_ins1,3.c,3.c,Angļu valoda,T064,A-303-a,5,3,,none,2,1,0,,
4.b_Angļu valoda_T060_gr1_ins1,4.b,4.b,Angļu valoda,T060,A-309,5,3,,none,1,1,0,,
4.b_Angļu valoda_T080_gr2_ins2,4.b,4.b,Angļu valoda,T080,A-208,5,3,,none,2,2,0,,
5.a_Matemātika_T020_gr1_ins3,5.a,5.a,Matemātika,T020,A-403,5,3,,none,1,3,0,,
5.b_Vizuālā māksla_T044_gr1_ins1,5.b,5.b,Vizuālā māksla,T044,A-105,5,3,,none,1,1,0,,
5.c_Sports un veselība (praktiskā)_T040_gr1_ins2,5.c,5.c,Sports un veselība (praktiskā),T040,A-aktu-zale,5,3,,none,1,2,0,,
6.a_Vizuālā māksla_T066_gr1_ins1,6.a,6.a,Vizuālā māksla,T066,T-402,5,3,,none,1,1,0,,
6.b_Mūzika_T050_gr1_ins1,6.b,6.b,Mūzika,T050,T-707,5,3,,none,1,1,0,,
6.c_Sports un veselība (praktiskā)_T071_gr1_ins1,6.c,6.c,Sports un veselība (praktiskā),T071,T-sporta-zale,5,3,SPORT_6,optional_single_or_pair,1,1,0,,
7.a_Ģeogrāfija_T087_gr1_ins1,7.a,7.a,Ģeogrāfija,T087,T-108,5,3,,none,1,1,0,,
8.a_Literatūra_T048_gr1_ins2,8.a,8.a,Literatūra,T048,T-705,5,3,,none,1,2,0,,
8.b_Angļu valoda_T007_gr1_ins3,8.b,8.b,Angļu valoda,T007,T-406,5,3,,none,1,3,0,,
8.b_Angļu valoda_T053_gr2_ins2,8.b,8.b,Angļu valoda,T053,T-505,5,3,,none,2,2,0,,
8.c_Vācu valoda_T090_gr2_ins3,8.c,8.c,Vācu valoda,T090,T-603,5,3,,none,2,3,0,,
9.a_Literatūra_T001_gr1_ins2,9.a,9.a,Literatūra,T001,T-409,5,3,,none,1,2,0,,
9.c_Vēsture_T084_gr1_ins2,9.c,9.c,Vēsture,T084,T-306,5,3,,none,1,2,0,,
v2_10.a-HUM+10.a-UZN_Fizika I_stream2_T077_gr1_ins1,10.a-HUM,10.a-HUM+10.a-UZN,Fizika I,T077,T-306,5,4,PHYS_10,fixed_pair_partition,1,1,2,PHYS_10,v2
v2_10.b-MAT_Sociālās zinības un vēsture_stream2_T085_gr1_ins3,10.b-MAT,10.b-MAT,Sociālās zinības un vēsture,T085,T-404,5,4,SOC_10,fixed_pair_partition,1,3,2,SOC_10,v2
v1_11.a-HUM+11.b-DAB_Mazākumtautību valoda un literatūra_stream1_T076_gr1_ins1,11.a-HUM,11.a-HUM+11.b-DAB,Mazākumtautību valoda un literatūra,T076,T-605,5,4,RUS_11,fixed_pair_partition,1,1,1,RUS_11,v1
v1_11.a-UZN+11.b-MAT_Matemātika I_stream2_T082_gr1_ins2,11.a-UZN,11.a-UZN+11.b-MAT,Matemātika I,T082,T-408,5,4,MATH_11,fixed_pair_partition,1,2,2,MATH_11,v1
v1_12.a-HUM+12.a-UZN_Svešvaloda (angļu) II C1_stream1_T062_gr1_ins2,12.a-HUM,12.a-HUM+12.a-UZN,Svešvaloda (angļu) II C1,T062,T-707,5,4,ENG2_12,fixed_pair_partition,1,2,1,ENG2_12,v1
2.a_Angļu valoda_T060_gr1_ins2,2.a,2.a,Angļu valoda,T060,A-308,5,4,,none,1,2,0,,
2.b_Latviešu valoda_T049_gr1_ins1,2.b,2.b,Latviešu valoda,T049,A-303-a,5,4,,none,1,1,0,,
3.a_Sports un veselība (teorija)_T069_gr1_ins1,3.a,3.a,Sports un veselība (teorija),T069,A-208,5,4,,none,1,1,0,,
3.b_Angļu valoda_T064_gr2_ins2,3.b,3.b,Angļu valoda,T064,A-106,5,4,,none,2,2,0,,
3.c_Latviešu valoda_T029_gr2_ins4,3.c,3.c,Latviešu valoda,T029,A-403-b,5,4,,none,2,4,0,,
4.a_Mūzika_T026_gr1_ins1,4.a,4.a,Mūzika,T026,A-206,5,4,,none,1,1,0,,
5.a_Latviešu valoda_T032_gr1_ins3,5.a,5.a,Latviešu valoda,T032,A-405,5,4,,none,1,3,0,,
5.c_Latviešu valoda_T083_gr2_ins4,5.c,5.c,Latviešu valoda,T083,A-403,5,4,,none,2,4,0,,
6.a_Literatūra_T037_gr1_ins2,6.a,6.a,Literatūra,T037,T-501,5,4,,none,1,2,0,,
6.b_Matemātika_T003_gr1_ins1,6.b,6.b,Matemātika,T003,T-506,5,4,,none,1,1,0,,
7.b_Vēsture_T084_gr1_ins2,7.b,7.b,Vēsture,T084,T-601,5,4,,none,1,2,0,,
7.c_Angļu valoda_T053_gr1_ins2,7.c,7.c,Angļu valoda,T053,T-303,5,4,,none,1,2,0,,
7.c_Angļu valoda_T095_gr2_ins1,7.c,7.c,Angļu valoda,T095,T-410,5,4,,none,2,1,0,,
8.c_Latviešu valoda_T048_gr1_ins3,8.c,8.c,Latviešu valoda,T048,T-602,5,4,,none,1,3,0,,
9.c_Dizains un tehnoloģijas_T016_gr1_ins1,9.c,9.c,Dizains un tehnoloģijas,T016,T-302,5,4,,none,1,1,0,,
"10.a-HUM+10.a-UZN+10.b-DAB+10.b-MAT_Svešvaloda (otrā, vācu) I B1_T010_gr1_ins1",10.a-HUM,10.a-HUM+10.a-UZN+10.b-DAB+10.b-MAT,"Svešvaloda (otrā, vācu) I B1",T010,T-404,5,5,GERMAN_10_ALL,forced_parallel_groups,1,1,0,,
"10.a-HUM+10.a-UZN+10.b-DAB+10.b-MAT_Svešvaloda (otrā, vācu) I B1_T025_gr2_ins1",10.a-HUM,10.a-HUM+10.a-UZN+10.b-DAB+10.b-MAT,"Svešvaloda (otrā, vācu) I B1",T025,T-407,5,5,GERMAN_10_ALL,forced_parallel_groups,2,1,0,,
"10.a-HUM+10.a-UZN+10.b-DAB+10.b-MAT_Svešvaloda (otrā, vācu) I B1_T028_gr3_ins1",10.a-HUM,10.a-HUM+10.a-UZN+10.b-DAB+10.b-MAT,"Svešvaloda (otrā, vācu) I B1",T028,T-603,5,5,GERMAN_10_ALL,forced_parallel_groups,3,1,0,,
"10.a-HUM+10.a-UZN+10.b-DAB+10.b-MAT_Svešvaloda (otrā, vācu) I B1_T033_gr4_ins1",10.a-HUM,10.a-HUM+10.a-UZN+10.b-DAB+10.b-MAT,"Svešvaloda (otrā, vācu) I B1",T033,T-401,5,5,GERMAN_10_ALL,forced_parallel_groups,4,1,0,,
v3_11.a-HUM+11.b-MAT_Latviešu valoda un literatūra I_stream2_T059_gr1_ins4,11.a-HUM,11.a-HUM+11.b-MAT,Latviešu valoda un literatūra I,T059,T-601,5,5,LAT_11,fixed_pair_partition,1,4,2,LAT_11,v3
v3_11.a-UZN+11.b-DAB_Fizika I_stream1_T077_gr1_ins1,11.a-UZN,11.a-UZN+11.b-DAB,Fizika I,T077,T-705,5,5,PHYS_11,fixed_pair_partition,1,1,1,PHYS_11,v3
v1_12.a-HUM+12.b-DAB_Mazākumtautību valoda un literatūra_stream1_T076_gr1_ins2,12.a-HUM,12.a-HUM+12.b-DAB,Mazākumtautību valoda un literatūra,T076,T-506,5,5,RUS_12,fixed_pair_partition,1,2,1,RUS_12,v1
v1_12.a-UZN+12.b-MAT_Matemātika II_stream1_T082_gr1_ins6,12.a-UZN,12.a-UZN+12.b-MAT,Matemātika II,T082,T-602,5,5,MATH_12,fixed_pair_partition,1,6,1,MATH_12,v1
2.c_Dabaszinības_T051_gr1_ins2,2.c,2.c,Dabaszinības,T051,A-110,5,5,,none,1,2,0,,
3.a_Sports un veselība (praktiskā)_T069_gr1_ins2,3.a,3.a,Sports un veselība (praktiskā),T069,A-sporta-zale,5,5,,none,1,2,0,,
3.c_Dizains un tehnoloģijas_T029_gr1_ins1,3.c,3.c,Dizains un tehnoloģijas,T029,A-402,5,5,,none,1,1,0,,
4.a_Dizains un tehnoloģijas_T092_gr1_ins1,4.a,4.a,Dizains un tehnoloģijas,T092,A-105,5,5,,none,1,1,0,,
5.a_Sociālās zinības un vēsture_T084_gr1_ins1,5.a,5.a,Sociālās zinības un vēsture,T084,A-405,5,5,,none,1,1,0,,
5.c_Mūzika_T067_gr1_ins1,5.c,5.c,Mūzika,T067,A-403,5,5,,none,1,1,0,,
6.a_Sports un veselība (teorija)_T071_gr1_ins1,6.a,6.a,Sports un veselība (teorija),T071,T-605,5,5,,none,1,1,0,,
6.b_Dabaszinības_T038_gr1_ins2,6.b,6.b,Dabaszinības,T038,T-606,5,5,,none,1,2,0,,
6.c_Latviešu valoda_T037_gr1_ins1,6.c,6.c,Latviešu valoda,T037,T-208,5,5,,none,1,1,0,,
7.a_Bioloģija_T023_gr1_ins1,7.a,7.a,Bioloģija,T023,T-302,5,5,,none,1,1,0,,
7.b_Teātra māksla_T052_gr1_ins1,7.b,7.b,Teātra māksla,T052,T-501,5,5,,none,1,1,0,,
7.c_Vizuālā māksla_T066_gr1_ins1,7.c,7.c,Vizuālā māksla,T066,T-108,5,5,,none,1,1,0,,
8.c_Bioloģija_T054_gr1_ins2,8.c,8.c,Bioloģija,T054,T-307,5,5,,none,1,2,0,,
9.a_Ķīmija_T046_gr1_ins2,9.a,9.a,Ķīmija,T046,T-309,5,5,,none,1,2,0,,
9.b_Angļu valoda_T007_gr1_ins2,9.b,9.b,Angļu valoda,T007,T-408,5,5,,none,1,2,0,,
9.b_Angļu valoda_T079_gr2_ins3,9.b,9.b,Angļu valoda,T079,T-402,5,5,,none,2,3,0,,
1.a_Angļu valoda_T064_gr2_ins2,1.a,1.a,Angļu valoda,T064,A-302,5,6,,none,2,2,0,,
1.b_Mūzika_T026_gr1_ins2,1.b,1.b,Mūzika,T026,A-308,5,6,,none,1,2,0,,
v3_10.a-HUM+10.a-UZN_Datorika_stream1_T056_gr1_ins2,10.a-HUM,10.a-HUM+10.a-UZN,Datorika,T056,T-304,5,6,DATORIKA_10,fixed_pair_partition,1,2,1,DATORIKA_10,v3
v2_10.b-MAT_Sociālās zinības un vēsture_stream2_T085_gr1_ins4,10.b-MAT,10.b-MAT,Sociālās zinības un vēsture,T085,T-603,5,6,SOC_10,fixed_pair_partition,1,4,2,SOC_10,v2
v1_11.a-UZN_Kultūras pamati_stream2_T066_gr1_ins2,11.a-UZN,11.a-UZN,Kultūras pamati,T066,T-307,5,6,CULT_11,fixed_pair_partition,1,2,2,CULT_11,v1
v2_11.b-DAB+11.b-MAT_Ķīmija I_stream1_T046_gr1_ins1,11.b-DAB,11.b-DAB+11.b-MAT,Ķīmija I,T046,T-309,5,6,CHEM_11,fixed_pair_partition,1,1,1,CHEM_11,v2
12.a-HUM_Angļu un amerikāņu literatūra_T089_gr1_ins2,12.a-HUM,12.a-HUM,Angļu un amerikāņu literatūra,T089,T-410,5,6,,none,1,2,0,,
12.b-MAT_Programmēšana II_T078_gr1_ins5,12.b-MAT,12.b-MAT,Programmēšana II,T078,T-301,5,6,,none,1,5,0,,
2.b_Latviešu valoda_T096_gr2_ins1,2.b,2.b,Latviešu valoda,T096,A-404,5,6,,none,2,1,0,,
2.c_Matemātika_T051_gr1_ins3,2.c,2.c,Matemātika,T051,A-106,5,6,,none,1,3,0,,
3.b_Latviešu valoda_T004_gr1_ins3,3.b,3.b,Latviešu valoda,T004,A-403-a,5,6,,none,1,3,0,,
3.b_Latviešu valoda_T029_gr2_ins6,3.b,3.b,Latviešu valoda,T029,A-402,5,6,,none,2,6,0,,
4.a_Datorika_T019_gr2_ins1,4.a,4.a,Datorika,T019,A-305,5,6,,none,2,1,0,,
4.b_Sports un veselība (praktiskā)_T069_gr1_ins1,4.b,4.b,Sports un veselība (praktiskā),T069,A-sporta-zale,5,6,,none,1,1,0,,
4.c_Latviešu valoda_T035_gr1_ins3,4.c,4.c,Latviešu valoda,T035,A-105,5,6,,none,1,3,0,,
5.b_Sociālās zinības un vēsture_T084_gr1_ins1,5.b,5.b,Sociālās zinības un vēsture,T084,A-403,5,6,,none,1,1,0,,
6.b_Teātra māksla_T008_gr1_ins1,6.b,6.b,Teātra māksla,T008,T-408,5,6,,none,1,1,0,,
6.c_Angļu valoda_T081_gr1_ins3,6.c,6.c,Angļu valoda,T081,T-302,5,6,,none,1,3,0,,
6.c_Angļu valoda_T095_gr2_ins1,6.c,6.c,Angļu valoda,T095,T-505,5,6,,none,2,1,0,,
7.a_Teātra māksla_T052_gr1_ins1,7.a,7.a,Teātra māksla,T052,T-108,5,6,,none,1,1,0,,
7.b_Vācu valoda_T024_gr1_ins1,7.b,7.b,Vācu valoda,T024,T-602,5,6,,none,1,1,0,,
7.c_Fizika_T006_gr1_ins1,7.c,7.c,Fizika,T006,T-407,5,6,,none,1,1,0,,
8.a_Sports un veselība (praktiskā)_T070_gr1_ins2,8.a,8.a,Sports un veselība (praktiskā),T070,T-sporta-zale,5,6,SPORT_8,optional_single_or_pair,1,2,0,,
8.b_Vācu valoda_T010_gr1_ins2,8.b,8.b,Vācu valoda,T010,T-303,5,6,,none,1,2,0,,
8.b_Vācu valoda_T090_gr2_ins3,8.b,8.b,Vācu valoda,T090,T-406,5,6,,none,2,3,0,,
8.c_Dizains un tehnoloģijas_T016_gr1_ins1,8.c,8.c,Dizains un tehnoloģijas,T016,T-208,5,6,,none,1,1,0,,
9.a_Matemātika_T003_gr1_ins3,9.a,9.a,Matemātika,T003,T-402,5,6,,none,1,3,0,,
9.b_Ģeogrāfija_T087_gr1_ins2,9.b,9.b,Ģeogrāfija,T087,T-707,5,6,,none,1,2,0,,
9.c_Literatūra_T001_gr1_ins2,9.c,9.c,Literatūra,T001,T-506,5,6,,none,1,2,0,,
1.a_Matemātika_T051_gr1_ins3,1.a,1.a,Matemātika,T051,A-207,5,7,,none,1,3,0,,
1.b_Sociālās zinības_T004_gr1_ins1,1.b,1.b,Sociālās zinības,T004,A-203,5,7,,none,1,1,0,,
v1_10.a-HUM+10.b-DAB_Matemātika I_stream1_T082_gr1_ins5,10.a-HUM,10.a-HUM+10.b-DAB,Matemātika I,T082,T-705,5,7,MATH_10,fixed_pair_partition,1,5,1,MATH_10,v1
v3_11.a-HUM+11.b-MAT_Vācu valoda akadēmiskiem nolūkiem_stream2_T010_gr1_ins2,11.a-HUM,11.a-HUM+11.b-MAT,Vācu valoda akadēmiskiem nolūkiem,T010,T-602,5,7,GERMANAK_11,fixed_pair_partition,1,2,2,GERMANAK_11,v3
v3_11.a-UZN+11.b-DAB_Latviešu valoda un literatūra I_stream1_T059_gr1_ins2,11.a-UZN,11.a-UZN+11.b-DAB,Latviešu valoda un literatūra I,T059,T-504,5,7,LAT_11,fixed_pair_partition,1,2,1,LAT_11,v3
12.a-HUM_Angļu un amerikāņu literatūra_T089_gr1_ins1,12.a-HUM,12.a-HUM,Angļu un amerikāņu literatūra,T089,T-405,5,7,,none,1,1,0,,
2.b_Latviešu valoda_T049_gr1_ins4,2.b,2.b,Latviešu valoda,T049,A-403-a,5,7,,none,1,4,0,,
2.b_Latviešu valoda_T096_gr2_ins3,2.b,2.b,Latviešu valoda,T096,A-402,5,7,,none,2,3,0,,
3.b_Latviešu valoda_T029_gr2_ins1,3.b,3.b,Latviešu valoda,T029,A-104,5,7,,none,2,1,0,,
4.a_Mūzika_T026_gr1_ins2,4.a,4.a,Mūzika,T026,A-209,5,7,,none,1,2,0,,
4.b_Datorika_T019_gr1_ins1,4.b,4.b,Datorika,T019,A-305,5,7,,none,1,1,0,,
4.c_Vizuālā māksla_T043_gr1_ins1,4.c,4.c,Vizuālā māksla,T043,A-405,5,7,,none,1,1,0,,
5.a_Latviešu valoda_T035_gr2_ins2,5.a,5.a,Latviešu valoda,T035,A-309,5,7,,none,2,2,0,,
5.b_Matemātika_T020_gr1_ins2,5.b,5.b,Matemātika,T020,A-106,5,7,,none,1,2,0,,
6.b_Angļu valoda_T095_gr2_ins1,6.b,6.b,Angļu valoda,T095,T-605,5,7,,none,2,1,0,,
7.b_Vācu valoda_T024_gr1_ins2,7.b,7.b,Vācu valoda,T024,T-603,5,7,,none,1,2,0,,
7.b_Vācu valoda_T028_gr2_ins1,7.b,7.b,Vācu valoda,T028,T-302,5,7,,none,2,1,0,,
8.a_Fizika_T077_gr1_ins1,8.a,8.a,Fizika,T077,T-409,5,7,,none,1,1,0,,
8.b_Literatūra_T048_gr1_ins2,8.b,8.b,Literatūra,T048,T-408,5,7,,none,1,2,0,,
9.a_Sports un veselība (praktiskā)_T070_gr1_ins2,9.a,9.a,Sports un veselība (praktiskā),T070,T-sporta-zale,5,7,SPORT_9,optional_single_or_pair,1,2,0,,
9.b_Vācu valoda_T025_gr1_ins2,9.b,9.b,Vācu valoda,T025,T-505,5,7,,none,1,2,0,,
9.c_Matemātika_T003_gr1_ins5,9.c,9.c,Matemātika,T003,T-410,5,7,,none,1,5,0,,
1.b_Matemātika_T051_gr1_ins2,1.b,1.b,Matemātika,T051,A-307,5,8,,none,1,2,0,,
v2_10.a-UZN+10.b-DAB_Sociālās zinības un vēsture_stream1_T085_gr1_ins3,10.a-UZN,10.a-UZN+10.b-DAB,Sociālās zinības un vēsture,T085,T-208,5,8,SOC_10,fixed_pair_partition,1,3,1,SOC_10,v2
v1_12.a-HUM+12.a-UZN_Svešvaloda (angļu) II C1_stream1_T062_gr1_ins4,12.a-HUM,12.a-HUM+12.a-UZN,Svešvaloda (angļu) II C1,T062,T-602,5,8,ENG2_12,fixed_pair_partition,1,4,1,ENG2_12,v1
12.b-DAB_Bioloģija II_T005_gr1_ins6,12.b-DAB,12.b-DAB,Bioloģija II,T005,T-407,5,8,,none,1,6,0,,
2.c_Mūzika_T026_gr1_ins1,2.c,2.c,Mūzika,T026,A-308,5,8,,none,1,1,0,,
4.b_Angļu valoda_T060_gr1_ins3,4.b,4.b,Angļu valoda,T060,A-404,5,8,,none,1,3,0,,
4.c_Sports un veselība (praktiskā)_T069_gr1_ins2,4.c,4.c,Sports un veselība (praktiskā),T069,A-sporta-zale,5,8,,none,1,2,0,,
5.a_Vācu valoda_T024_gr1_ins2,5.a,5.a,Vācu valoda,T024,A-302,5,8,,none,1,2,0,,
5.a_Vācu valoda_T063_gr2_ins2,5.a,5.a,Vācu valoda,T063,A-403-a,5,8,,none,2,2,0,,
5.b_Angļu valoda_T018_gr1_ins2,5.b,5.b,Angļu valoda,T018,A-206,5,8,,none,1,2,0,,
5.b_Angļu valoda_T080_gr2_ins3,5.b,5.b,Angļu valoda,T080,A-403-b,5,8,,none,2,3,0,,
5.c_Dabaszinības_T038_gr1_ins1,5.c,5.c,Dabaszinības,T038,A-405,5,8,,none,1,1,0,,
6.a_Vācu valoda_T028_gr2_ins3,6.a,6.a,Vācu valoda,T028,T-504,5,8,,none,2,3,0,,
6.b_Datorika_T016_gr1_ins1,6.b,6.b,Datorika,T016,T-304,5,8,,none,1,1,0,,
6.b_Datorika_T056_gr2_ins1,6.b,6.b,Datorika,T056,T-301,5,8,,none,2,1,0,,
7.a_Sports un veselība_T040_gr1_ins1,7.a,7.a,Sports un veselība,T040,T-605,5,8,SPORT_7,optional_single_or_pair,1,1,0,,
7.b_Bioloģija_T023_gr1_ins2,7.b,7.b,Bioloģija,T023,T-108,5,8,,none,1,2,0,,
7.c_Mūzika_T050_gr1_ins1,7.c,7.c,Mūzika,T050,T-207,5,8,,none,1,1,0,,
8.a_Vācu valoda_T010_gr1_ins2,8.a,8.a,Vācu valoda,T010,T-307,5,8,,none,1,2,0,,
8.b_Latviešu valoda_T048_gr2_ins1,8.b,8.b,Latviešu valoda,T048,T-408,5,8,,none,2,1,0,,
8.c_Ķīmija_T036_gr1_ins2,8.c,8.c,Ķīmija,T036,T-309,5,8,,none,1,2,0,,
9.a_Vēsture_T084_gr1_ins2,9.a,9.a,Vēsture,T084,T-306,5,8,,none,1,2,0,,
9.b_Fizika_T077_gr1_ins1,9.b,9.b,Fizika,T077,T-402,5,8,,none,1,1,0,,
1.a_Angļu valoda_T064_gr1_ins2,1.a,1.a,Angļu valoda,T064,A-402,5,9,,none,1,2,0,,
1.b_Sports un veselība_T069_gr1_ins1,1.b,1.b,Sports un veselība,T069,A-105,5,9,,none,1,1,0,,
v1_10.a-HUM+10.b-DAB_Ķīmija I_stream1_T046_gr1_ins1,10.a-HUM,10.a-HUM+10.b-DAB,Ķīmija I,T046,T-309,5,9,CHEM_10,fixed_pair_partition,1,1,1,CHEM_10,v1
v1_10.a-UZN+10.b-MAT_Svešvaloda (angļu) I B2_stream2_T053_gr1_ins3,10.a-UZN,10.a-UZN+10.b-MAT,Svešvaloda (angļu) I B2,T053,T-410,5,9,ENG_10,fixed_pair_partition,1,3,2,ENG_10,v1
11.a-HUM+11.a-UZN+11.b-DAB+11.b-MAT_Sports un veselība (praktiskā)_T040_gr1_ins1,11.a-HUM,11.a-HUM+11.a-UZN+11.b-DAB+11.b-MAT,Sports un veselība (praktiskā),T040,T-sporta-zale,5,9,SPORT_11_ALL,forced_parallel_groups,1,1,0,,
v1_12.a-UZN+12.b-MAT_Matemātika II_stream1_T082_gr1_ins5,12.a-UZN,12.a-UZN+12.b-MAT,Matemātika II,T082,T-606,5,9,MATH_12,fixed_pair_partition,1,5,1,MATH_12,v1
12.b-DAB_Bioloģija II_T005_gr1_ins5,12.b-DAB,12.b-DAB,Bioloģija II,T005,T-505,5,9,,none,1,5,0,,
2.a_Mūzika_T026_gr1_ins2,2.a,2.a,Mūzika,T026,A-304,5,9,,none,1,2,0,,
3.a_Vizuālā māksla_T066_gr1_ins1,3.a,3.a,Vizuālā māksla,T066,A-208,5,9,,none,1,1,0,,
3.b_Dizains un tehnoloģijas_T029_gr1_ins2,3.b,3.b,Dizains un tehnoloģijas,T029,A-404,5,9,,none,1,2,0,,
4.b_Latviešu valoda_T032_gr1_ins5,4.b,4.b,Latviešu valoda,T032,A-207,5,9,,none,1,5,0,,
4.b_Latviešu valoda_T083_gr2_ins1,4.b,4.b,Latviešu valoda,T083,A-104,5,9,,none,2,1,0,,
4.c_Literatūra_T035_gr1_ins1,4.c,4.c,Literatūra,T035,A-209,5,9,,none,1,1,0,,
5.b_Vācu valoda_T024_gr1_ins1,5.b,5.b,Vācu valoda,T024,A-403-b,5,9,,none,1,1,0,,
5.b_Vācu valoda_T063_gr2_ins2,5.b,5.b,Vācu valoda,T063,A-308,5,9,,none,2,2,0,,
6.a_Latviešu valoda_T037_gr1_ins1,6.a,6.a,Latviešu valoda,T037,T-506,5,9,,none,1,1,0,,
7.b_Angļu valoda_T095_gr2_ins3,7.b,7.b,Angļu valoda,T095,T-409,5,9,,none,2,3,0,,
7.c_Matemātika_T088_gr1_ins1,7.c,7.c,Matemātika,T088,T-602,5,9,,none,1,1,0,,
8.a_Literatūra_T048_gr1_ins1,8.a,8.a,Literatūra,T048,T-306,5,9,,none,1,1,0,,
8.b_Datorika_T016_gr1_ins1,8.b,8.b,Datorika,T016,T-304,5,9,,none,1,1,0,,
8.b_Datorika_T056_gr2_ins1,8.b,8.b,Datorika,T056,T-301,5,9,,none,2,1,0,,
8.c_Vācu valoda_T025_gr1_ins3,8.c,8.c,Vācu valoda,T025,T-208,5,9,,none,1,3,0,,
8.c_Vācu valoda_T090_gr2_ins1,8.c,8.c,Vācu valoda,T090,T-207,5,9,,none,2,1,0,,
9.a_Inženierzinības_T019_gr1_ins1,9.a,9.a,Inženierzinības,T019,T-707,5,9,,none,1,1,0,,
9.b_Vēsture_T084_gr1_ins2,9.b,9.b,Vēsture,T084,T-603,5,9,,none,1,2,0,,
9.c_Matemātika_T003_gr1_ins1,9.c,9.c,Matemātika,T003,T-406,5,9,,none,1,1,0,,
